USE `oconti-PR`;

SET SQL_MODE = "NO_AUTO_VALUE_ON_ZERO";
SET time_zone = "+00:00";
SET FOREIGN_KEY_CHECKS=0;
/*!40101 SET @OLD_CHARACTER_SET_CLIENT=@@CHARACTER_SET_CLIENT */;
/*!40101 SET @OLD_CHARACTER_SET_RESULTS=@@CHARACTER_SET_RESULTS */;
/*!40101 SET @OLD_COLLATION_CONNECTION=@@COLLATION_CONNECTION */;
/*!40101 SET NAMES utf8 */;


INSERT INTO `Autore` (`id`, `nome`, `cognome`) VALUES
(1, 'Francesco', 'Ranzato'),
(2, 'Michela', 'Redivo Zaglia'),
(3, 'Paolo', 'Atzeni'),
(4, 'Stefano', 'Ceri'),
(5, 'Piero', 'Fraternali'),
(6, 'Stefano', 'Paraboschi'),
(7, 'Riccardo', 'Torlone'),
(8, 'Thomas', 'H. Cormen'),
(9, 'Charles', 'E. Leiserson'),
(10, 'Ronald', 'L. Rivest'),
(11, 'Clifford', 'Stein'),
(12, 'Alan', 'Tuker'),
(13, 'Marco', 'Abate'),
(14, 'Chiara', 'de Fabritiis'),
(15, 'Michele', 'Colucci');

INSERT INTO `AutoreLibro` (`autore`, `libro`) VALUES
(12, 9780471438090),
(15, 9788802051772),
(8, 9788838665158),
(9, 9788838665158),
(10, 9788838665158),
(11, 9788838665158),
(13, 9788838665899),
(14, 9788838665899),
(3, 9788838668005),
(4, 9788838668005),
(5, 9788838668005),
(6, 9788838668005),
(7, 9788838668005),
(2, 9788887331499),
(1, 9788887331943),
(2, 9788896477670);

INSERT INTO `CorsoDiLaurea` (`nome`, `universita`) VALUES
('Corso di laurea in chimica', 'Università "Ca'' Foscari" di Venezia'),
('Corso di laurea in Chimica e Tecnologie sostenibili', 'Università "Ca'' Foscari" di Venezia'),
('Corso di laurea in chimica industriale', 'Università "Ca'' Foscari" di Venezia'),
('Corso di laurea in commercio estero (TREVISO)', 'Università "Ca'' Foscari" di Venezia'),
('Corso di laurea in conservazione e gestione dei beni e delle attività culturali', 'Università "Ca'' Foscari" di Venezia'),
('Corso di laurea in economia aziendale', 'Università "Ca'' Foscari" di Venezia'),
('Corso di laurea in economia e commercio', 'Università "Ca'' Foscari" di Venezia'),
('Corso di laurea in economics and management (corso in inglese)', 'Università "Ca'' Foscari" di Venezia'),
('Corso di laurea in filosofia', 'Università "Ca'' Foscari" di Venezia'),
('Corso di laurea in informatica', 'Università "Ca'' Foscari" di Venezia'),
('Corso di laurea in lettere', 'Università "Ca'' Foscari" di Venezia'),
('Corso di laurea in lingue e civiltà moderne e contemporanee', 'Università "Ca'' Foscari" di Venezia'),
('Corso di laurea in lingue e culture del mediterraneo e del medio oriente', 'Università "Ca'' Foscari" di Venezia'),
('Corso di laurea in lingue, civiltà e scienze del linguaggio', 'Università "Ca'' Foscari" di Venezia'),
('Corso di laurea in lingue, culture e società dell''Asia e dell''Africa mediterranea', 'Università "Ca'' Foscari" di Venezia'),
('Corso di laurea in mediazione linguistica e culturale (TREVISO)', 'Università "Ca'' Foscari" di Venezia'),
('Corso di laurea in scienze ambientali', 'Università "Ca'' Foscari" di Venezia'),
('Corso di laurea in scienze della società e del servizio sociale', 'Università "Ca'' Foscari" di Venezia'),
('Corso di laurea in statistica e informatica per la gestione delle imprese (TREVISO)', 'Università "Ca'' Foscari" di Venezia'),
('Corso di laurea in storia', 'Università "Ca'' Foscari" di Venezia'),
('Corso di laurea in tecnologie per la conservazione e il restauro', 'Università "Ca'' Foscari" di Venezia'),
('Corso di laurea magistrale in amministrazione, finanza e controllo', 'Università "Ca'' Foscari" di Venezia'),
('Corso di laurea magistrale in antropologia culturale, etnologia, etnolinguistica', 'Università "Ca'' Foscari" di Venezia'),
('Corso di laurea magistrale in asia meridionale e occidentale: lingue, culture e istituzioni', 'Università "Ca'' Foscari" di Venezia'),
('Corso di laurea magistrale in chimica e Tecnologie sostenibili', 'Università "Ca'' Foscari" di Venezia'),
('Corso di laurea magistrale in chimica industriale', 'Università "Ca'' Foscari" di Venezia'),
('Corso di laurea magistrale in economia e finanza', 'Università "Ca'' Foscari" di Venezia'),
('Corso di laurea magistrale in economia e gestione delle arti e delle attività culturali (Facoltà di Economia, di Lettere e Filosofia)', 'Università "Ca'' Foscari" di Venezia'),
('Corso di laurea magistrale in economia e gestione delle aziende', 'Università "Ca'' Foscari" di Venezia'),
('Corso di laurea magistrale in economia/economics', 'Università "Ca'' Foscari" di Venezia'),
('Corso di laurea magistrale in filologia e letteratura italiana', 'Università "Ca'' Foscari" di Venezia'),
('Corso di laurea magistrale in Filosofia della società, dell''arte e della comunicazione', 'Università "Ca'' Foscari" di Venezia'),
('Corso di laurea magistrale in informatica/computer science', 'Università "Ca'' Foscari" di Venezia'),
('Corso di laurea magistrale in interpretariato e traduzione editoriale e settoriale (TREVISO)', 'Università "Ca'' Foscari" di Venezia'),
('Corso di laurea magistrale in lavoro, cittadinanza sociale e interculturalità', 'Università "Ca'' Foscari" di Venezia'),
('Corso di laurea magistrale in lingue e culture dell''Asia e dell''Africa mediterranea', 'Università "Ca'' Foscari" di Venezia'),
('Corso di laurea magistrale in lingue e istituzioni economiche e giuridiche dell''Asia e dell''Africa mediterranea', 'Università "Ca'' Foscari" di Venezia'),
('Corso di laurea magistrale in lingue e letterature europee americane e postcoloniali', 'Università "Ca'' Foscari" di Venezia'),
('Corso di laurea magistrale in marketing e comunicazione', 'Università "Ca'' Foscari" di Venezia'),
('Corso di Laurea magistrale in Musica e arti performative (Interateneo con l''Università degli Studi di Padova)', 'Università "Ca'' Foscari" di Venezia'),
('Corso di laurea magistrale in musicologia e scienze dello spettacolo', 'Università "Ca'' Foscari" di Venezia'),
('Corso di laurea magistrale in relazioni internazionali comparate/International relations', 'Università "Ca'' Foscari" di Venezia'),
('Corso di laurea magistrale in scienza dei materiali', 'Università "Ca'' Foscari" di Venezia'),
('Corso di laurea magistrale in scienze ambientali', 'Università "Ca'' Foscari" di Venezia'),
('Corso di laurea magistrale in scienze chimiche per la conservazione e il restauro', 'Università "Ca'' Foscari" di Venezia'),
('Corso di laurea magistrale in scienze del linguaggio', 'Università "Ca'' Foscari" di Venezia'),
('Corso di laurea magistrale in scienze dell''antichità: letterature, storia e archeologia', 'Università "Ca'' Foscari" di Venezia'),
('Corso di laurea magistrale in scienze della formazione continua (Interateneo con l''Università degli Studi di Padova)', 'Università "Ca'' Foscari" di Venezia'),
('Corso di laurea magistrale in scienze delle religioni (Interateneo con l''Università degli Studi di Padova)', 'Università "Ca'' Foscari" di Venezia'),
('Corso di laurea magistrale in Scienze e Tecnologie dei Bio e Nanomateriali (Interateneo con l''Università degli Studi di Verona)', 'Università "Ca'' Foscari" di Venezia'),
('Corso di laurea magistrale in statistica per l''impresa (TREVISO)', 'Università "Ca'' Foscari" di Venezia'),
('Corso di laurea magistrale in storia dal medioevo all''età contemporanea', 'Università "Ca'' Foscari" di Venezia'),
('Corso di laurea magistrale in storia delle arti e conservazione dei beni artistici', 'Università "Ca'' Foscari" di Venezia'),
('Corso di laurea magistrale in storia e gestione del patrimonio archivistico e bibliografico (Interateneo con l''Università degli Studi di Padova)', 'Università "Ca'' Foscari" di Venezia'),
('Corso di laurea magistrale in sviluppo economico e dell''impresa', 'Università "Ca'' Foscari" di Venezia'),
('Corso di laurea magistrale in sviluppo interculturale dei sistemi turistici', 'Università "Ca'' Foscari" di Venezia'),
('Corso di laurea in archeologia', 'Università degli Studi di Padova'),
('Corso di laurea in assistenza sanitaria', 'Università degli Studi di Padova'),
('Corso di laurea in astronomia', 'Università degli Studi di Padova'),
('Corso di laurea in biologia', 'Università degli Studi di Padova'),
('Corso di laurea in biologia molecolare', 'Università degli Studi di Padova'),
('Corso di laurea in biotecnologie', 'Università degli Studi di Padova'),
('Corso di laurea in chimica', 'Università degli Studi di Padova'),
('Corso di laurea in chimica industriale', 'Università degli Studi di Padova'),
('Corso di laurea in comunicazione', 'Università degli Studi di Padova'),
('Corso di laurea in consulente del lavoro', 'Università degli Studi di Padova'),
('Corso di laurea in dietistica', 'Università degli Studi di Padova'),
('Corso di laurea in diritto dell''economia', 'Università degli Studi di Padova'),
('Corso di laurea in discipline delle arti, della musica e dello spettacolo', 'Università degli Studi di Padova'),
('Corso di laurea in economia e management', 'Università degli Studi di Padova'),
('Corso di laurea in economia internazionale', 'Università degli Studi di Padova'),
('Corso di laurea in filosofia', 'Università degli Studi di Padova'),
('Corso di laurea in fisica', 'Università degli Studi di Padova'),
('Corso di laurea in fisioterapia (CONEGLIANO, PADOVA, VENEZIA)', 'Università degli Studi di Padova'),
('Corso di laurea in igiene dentale (CASTELFRANCO VENETO)', 'Università degli Studi di Padova'),
('Corso di laurea in infermieristica (CONEGLIANO, FELTRE, MIRANO, PADOVA, PORTOGRUARO, ROVIGO, TREVISO)', 'Università degli Studi di Padova'),
('Corso di laurea in infermieristica pediatrica', 'Università degli Studi di Padova'),
('Corso di laurea in informatica', 'Università degli Studi di Padova'),
('Corso di laurea in ingegneria aerospaziale', 'Università degli Studi di Padova'),
('Corso di laurea in ingegneria biomedica', 'Università degli Studi di Padova'),
('Corso di laurea in ingegneria chimica e dei materiali', 'Università degli Studi di Padova'),
('Corso di laurea in ingegneria civile', 'Università degli Studi di Padova'),
('Corso di laurea in ingegneria dei materiali', 'Università degli Studi di Padova'),
('Corso di laurea in ingegneria dell''energia', 'Università degli Studi di Padova'),
('Corso di laurea in ingegneria dell''informazione', 'Università degli Studi di Padova'),
('Corso di laurea in ingegneria elettronica', 'Università degli Studi di Padova'),
('Corso di laurea in ingegneria energetica', 'Università degli Studi di Padova'),
('Corso di laurea in ingegneria gestionale (VICENZA)', 'Università degli Studi di Padova'),
('Corso di laurea in ingegneria informatica (FELTRE, PADOVA, ROVIGO, TREVISO)', 'Università degli Studi di Padova'),
('Corso di laurea in ingegneria meccanica (PADOVA, VICENZA)', 'Università degli Studi di Padova'),
('Corso di laurea in ingegneria meccanica e meccatronica (VICENZA)', 'Università degli Studi di Padova'),
('Corso di laurea in ingegneria per l''ambiente e il territorio', 'Università degli Studi di Padova'),
('Corso di laurea in lettere', 'Università degli Studi di Padova'),
('Corso di laurea in lingua e cultura italiana per stranieri', 'Università degli Studi di Padova'),
('Corso di laurea in lingue, letterature e culture moderne', 'Università degli Studi di Padova'),
('Corso di laurea in logopedia', 'Università degli Studi di Padova'),
('Corso di laurea in matematica', 'Università degli Studi di Padova'),
('Corso di laurea in mediazione linguistica e culturale', 'Università degli Studi di Padova'),
('Corso di laurea in ortottica e assistenza oftalmologica', 'Università degli Studi di Padova'),
('Corso di laurea in ostetricia (PADOVA, VICENZA)', 'Università degli Studi di Padova'),
('Corso di laurea in ottica e optometria', 'Università degli Studi di Padova'),
('Corso di laurea in progettazione e gestione del turismo culturali', 'Università degli Studi di Padova'),
('Corso di laurea in riassetto del territorio e tutela del paesaggio', 'Università degli Studi di Padova'),
('Corso di laurea in scienza dei materiali', 'Università degli Studi di Padova'),
('Corso di laurea in scienze dell''educazione e della formazioone (ROVIGO, PADOVA)', 'Università degli Studi di Padova'),
('Corso di laurea in scienze e cultura della gastronomia e della ristorazione', 'Università degli Studi di Padova'),
('Corso di laurea in scienze e tecniche psicologiche', 'Università degli Studi di Padova'),
('Corso di laurea in scienze e tecnologie agrarie', 'Università degli Studi di Padova'),
('Corso di laurea in scienze e tecnologie alimentari', 'Università degli Studi di Padova'),
('Corso di laurea in scienze e tecnologie animali(LEGNARO)', 'Università degli Studi di Padova'),
('Corso di laurea in scienze e tecnologie viticole ed enologiche (CONEGLIANO)', 'Università degli Studi di Padova'),
('Corso di laurea in scienze farmaceutiche applicate', 'Università degli Studi di Padova'),
('Corso di laurea in scienze geologiche', 'Università degli Studi di Padova'),
('Corso di laurea in scienze motorie', 'Università degli Studi di Padova'),
('Corso di laurea in scienze naturali', 'Università degli Studi di Padova'),
('Corso di laurea in scienze per la formazione dell''infanzia e della preadolescenza', 'Università degli Studi di Padova'),
('Corso di laurea in scienze politiche, relazioni internazionali, diritti umani', 'Università degli Studi di Padova'),
('Corso di laurea in scienze politiche, studi internazionali, governo dell''amministrazioni', 'Università degli Studi di Padova'),
('Corso di laurea in scienze psicologiche cognitive e psicobiologiche', 'Università degli Studi di Padova'),
('Corso di laurea in scienze psicologiche della personalità e delle relazioni interpersonali', 'Università degli Studi di Padova'),
('Corso di laurea in scienze psicologiche dello sviluppo e dell''educazione', 'Università degli Studi di Padova'),
('Corso di laurea in scienze psicologiche sociali e del lavoro', 'Università degli Studi di Padova'),
('Corso di laurea in scienze sociologiche', 'Università degli Studi di Padova'),
('Corso di laurea in servizio sociale', 'Università degli Studi di Padova'),
('Corso di laurea in sicurezza igienico-sanitaria degli alimenti', 'Università degli Studi di Padova'),
('Corso di laurea in statistica e gestione delle imprese', 'Università degli Studi di Padova'),
('Corso di laurea in statistica e tecnologie informatiche', 'Università degli Studi di Padova'),
('Corso di laurea in statistica, economia e finanza', 'Università degli Studi di Padova'),
('Corso di laurea in storia', 'Università degli Studi di Padova'),
('Corso di laurea in storia e tutela dei beni artistici e musicali', 'Università degli Studi di Padova'),
('Corso di laurea in strategie di comunicazione', 'Università degli Studi di Padova'),
('Corso di laurea in tecniche audioprotesiche', 'Università degli Studi di Padova'),
('Corso di laurea in tecniche della prevenzione nell''ambiente e nei luoghi di lavoro (FELTRE, PADOVA)', 'Università degli Studi di Padova'),
('Corso di laurea in tecniche di laboratorio biomedico', 'Università degli Studi di Padova'),
('Corso di laurea in tecniche di radiologia medica per immagini e radioterapia (PADOVA, VENEZIA, ROVIGO, VICENZA)', 'Università degli Studi di Padova'),
('Corso di laurea in tecniche neurofisiopatologiche', 'Università degli Studi di Padova'),
('Corso di laurea in tecnologie forestali ed ambientali', 'Università degli Studi di Padova'),
('Corso di laurea in terapia della neuro e psicomotricità dell''età evolutiva', 'Università degli Studi di Padova'),
('Corso di laurea in terapia occupazionale (CONEGLIANO)', 'Università degli Studi di Padova'),
('Corso di laurea magistrale in astronomia', 'Università degli Studi di Padova'),
('Corso di laurea magistrale in bioingegneria', 'Università degli Studi di Padova'),
('Corso di laurea magistrale in biologia evoluzionistica', 'Università degli Studi di Padova'),
('Corso di laurea magistrale in biologia marina(LEGNARO)', 'Università degli Studi di Padova'),
('Corso di laurea magistrale in biologia molecolare', 'Università degli Studi di Padova'),
('Corso di laurea magistrale in biologia sanitaria', 'Università degli Studi di Padova'),
('Corso di laurea magistrale in biotecnologie farmaceutiche', 'Università degli Studi di Padova'),
('Corso di laurea magistrale in biotecnologie industriali', 'Università degli Studi di Padova'),
('Corso di laurea magistrale in biotecnologie mediche', 'Università degli Studi di Padova'),
('Corso di laurea magistrale in biotecnologie per l''alimentazione', 'Università degli Studi di Padova'),
('Corso di laurea magistrale in chimica', 'Università degli Studi di Padova'),
('Corso di laurea magistrale in chimica e tecnologia farmaceutiche (laurea a ciclo unico5 anni)', 'Università degli Studi di Padova'),
('Corso di laurea magistrale in chimica industriale', 'Università degli Studi di Padova'),
('Corso di laurea magistrale in cognitive neuroscience and clinical neuropsychology', 'Università degli Studi di Padova'),
('Corso di laurea magistrale in economia e direzione aziendale', 'Università degli Studi di Padova'),
('Corso di laurea magistrale in economia e diritto', 'Università degli Studi di Padova'),
('Corso di laurea magistrale in economia e finanza', 'Università degli Studi di Padova'),
('Corso di laurea magistrale in economia internazionale', 'Università degli Studi di Padova'),
('Corso di laurea magistrale in farmacia (laurea a ciclo unico5 anni)', 'Università degli Studi di Padova'),
('Corso di laurea magistrale in filologia moderna', 'Università degli Studi di Padova'),
('Corso di laurea magistrale in fisica', 'Università degli Studi di Padova'),
('Corso di laurea magistrale in giurisprudenza (PADOVA, TREVISO)', 'Università degli Studi di Padova'),
('Corso di laurea magistrale in informatica', 'Università degli Studi di Padova'),
('Corso di laurea magistrale in ingegneria aerospaziale', 'Università degli Studi di Padova'),
('Corso di laurea magistrale in ingegneria chimica dei processi industriali', 'Università degli Studi di Padova'),
('Corso di laurea magistrale in ingegneria civile', 'Università degli Studi di Padova'),
('Corso di laurea magistrale in ingegneria dell''automazione', 'Università degli Studi di Padova'),
('Corso di laurea magistrale in ingegneria dell''innovazione e del prodotto (VICENZA)', 'Università degli Studi di Padova'),
('Corso di laurea magistrale in ingegneria delle telecomunicazioni', 'Università degli Studi di Padova'),
('Corso di laurea magistrale in ingegneria edile-architettura', 'Università degli Studi di Padova'),
('Corso di laurea magistrale in ingegneria elettrica', 'Università degli Studi di Padova'),
('Corso di laurea magistrale in ingegneria elettronica', 'Università degli Studi di Padova'),
('Corso di laurea magistrale in ingegneria gestionale (VICENZA)', 'Università degli Studi di Padova'),
('Corso di laurea magistrale in ingegneria informatica', 'Università degli Studi di Padova'),
('Corso di laurea magistrale in ingegneria meccanica (PADOVA)', 'Università degli Studi di Padova'),
('Corso di laurea magistrale in ingegneria meccatronica (VICENZA)', 'Università degli Studi di Padova'),
('Corso di laurea magistrale in ingegneria per l''ambiente e il territorio', 'Università degli Studi di Padova'),
('Corso di laurea magistrale in istituzioni e politiche dei diritti umani e della pace', 'Università degli Studi di Padova'),
('Corso di laurea magistrale in lettere classiche e storia antica', 'Università degli Studi di Padova'),
('Corso di laurea magistrale in lingue e letterature moderne europee e americane', 'Università degli Studi di Padova'),
('Corso di laurea magistrale in lingue moderne per la comunicazione e la cooperazione internazionale', 'Università degli Studi di Padova'),
('Corso di laurea magistrale in linguistica', 'Università degli Studi di Padova'),
('Corso di laurea magistrale in local development', 'Università degli Studi di Padova'),
('Corso di laurea magistrale in matematica', 'Università degli Studi di Padova'),
('Corso di laurea magistrale in medicina e chirurgia (ciclo unico)', 'Università degli Studi di Padova'),
('Corso di laurea magistrale in medicina veterinaria (5 anni)', 'Università degli Studi di Padova'),
('Corso di laurea magistrale in musica e arti performative', 'Università degli Studi di Padova'),
('Corso di laurea magistrale in neuroscienze e riabilitazione neuropsicologica', 'Università degli Studi di Padova'),
('Corso di laurea magistrale in odontoiatria e protesi dentaria (5 anni)', 'Università degli Studi di Padova'),
('Corso di laurea magistrale in politica internazionale e diplomazia', 'Università degli Studi di Padova'),
('Corso di laurea magistrale in programmazione e gestione dei servizi educativi e formativi (ROVIGO)', 'Università degli Studi di Padova'),
('Corso di laurea magistrale in psicologia clinica', 'Università degli Studi di Padova'),
('Corso di laurea magistrale in psicologia clinico-dimamica', 'Università degli Studi di Padova'),
('Corso di laurea magistrale in psicologia dello sviluppo e dell''educazione', 'Università degli Studi di Padova'),
('Corso di laurea magistrale in psicologia di comunità', 'Università degli Studi di Padova'),
('Corso di laurea magistrale in psicologia sociale, del lavoro e della comunicazione', 'Università degli Studi di Padova'),
('Corso di laurea magistrale in scienza dei materiali', 'Università degli Studi di Padova'),
('Corso di laurea magistrale in scienze archeologiche', 'Università degli Studi di Padova'),
('Corso di laurea magistrale in scienze del governo e politiche pubbliche', 'Università degli Studi di Padova'),
('Corso di laurea magistrale in scienze del servizio sociale', 'Università degli Studi di Padova'),
('Corso di laurea magistrale in scienze della formazione continua', 'Università degli Studi di Padova'),
('Corso di laurea magistrale in scienze della formazione primaria', 'Università degli Studi di Padova'),
('Corso di laurea magistrale in scienze della natura', 'Università degli Studi di Padova'),
('Corso di laurea magistrale in scienze delle professioni sanitarie della prevenzione', 'Università degli Studi di Padova'),
('Corso di laurea magistrale in scienze delle professioni sanitarie tecniche diagnostiche', 'Università degli Studi di Padova'),
('Corso di laurea magistrale in scienze dello spettacolo e della produzione multimediale', 'Università degli Studi di Padova'),
('Corso di laurea magistrale in scienze e tecniche dell''attività motoria preventiva adattata', 'Università degli Studi di Padova'),
('Corso di laurea magistrale in scienze e tecnologie agrarie', 'Università degli Studi di Padova'),
('Corso di laurea magistrale in scienze e tecnologie alimentari', 'Università degli Studi di Padova'),
('Corso di laurea magistrale in scienze e tecnologie animali', 'Università degli Studi di Padova'),
('Corso di laurea magistrale in scienze e tecnologie per l''ambiente e il territorio', 'Università degli Studi di Padova'),
('Corso di laurea magistrale in scienze filosofiche', 'Università degli Studi di Padova'),
('Corso di laurea magistrale in scienze forestali e ambientali', 'Università degli Studi di Padova'),
('Corso di laurea magistrale in scienze infermieristiche ed ostetriche (CASTELFRANCO VENETO)', 'Università degli Studi di Padova'),
('Corso di laurea magistrale in scienze riabilitative delle professioni sanitarie', 'Università degli Studi di Padova'),
('Corso di laurea magistrale in scienze statistiche', 'Università degli Studi di Padova'),
('Corso di laurea magistrale in scienze storiche', 'Università degli Studi di Padova'),
('Corso di laurea magistrale in scienze umane e pedagogiche', 'Università degli Studi di Padova'),
('Corso di laurea magistrale in sociologia', 'Università degli Studi di Padova'),
('Corso di laurea magistrale in storia dell''arte', 'Università degli Studi di Padova'),
('Corso di laurea magistrale in studi europei', 'Università degli Studi di Padova'),
('Corso di laurea magistrale in teorie e metodologie dell''e-learning e della media education', 'Università degli Studi di Padova'),
('Corso di laurea in beni culturali', 'Università degli Studi di Verona'),
('Corso di laurea in bioinformatica', 'Università degli Studi di Verona'),
('Corso di laurea in biotecnologie', 'Università degli Studi di Verona'),
('Corso di laurea in economia aziendale (VERONA, VICENZA)', 'Università degli Studi di Verona'),
('Corso di laurea in economia e commercio (VERONA, VICENZA)', 'Università degli Studi di Verona'),
('Corso di laurea in filosofia', 'Università degli Studi di Verona'),
('Corso di laurea in fisioterapia (ROVERETO, VERONA, VICENZA)', 'Università degli Studi di Verona'),
('Corso di laurea in igiene dentale (ALA DI TRENTO, BOLZANO, LEGNAGO)', 'Università degli Studi di Verona'),
('Corso di laurea in infermieristica (TRENTO, VERONA, VICENZA,BOLZANO,LEGNAGO)', 'Università degli Studi di Verona'),
('Corso di laurea in informatica', 'Università degli Studi di Verona'),
('Corso di laurea in lettere', 'Università degli Studi di Verona'),
('Corso di laurea in lingue e culture per il turismo e il commercio internazionale', 'Università degli Studi di Verona'),
('Corso di laurea in lingue e culture per l''editoria', 'Università degli Studi di Verona'),
('Corso di laurea in lingue e letterature straniere', 'Università degli Studi di Verona'),
('Corso di laurea in logopedia', 'Università degli Studi di Verona'),
('Corso di laurea in matematica applicata (Facoltà di Scienze Matematiche, Fisiche e Naturali e di Economia)', 'Università degli Studi di Verona'),
('Corso di laurea in ostetricia', 'Università degli Studi di Verona'),
('Corso di laurea in scienze dei servizi giuridici', 'Università degli Studi di Verona'),
('Corso di laurea in scienze del servizio sociale', 'Università degli Studi di Verona'),
('Corso di laurea in scienze dell''educazione', 'Università degli Studi di Verona'),
('Corso di laurea in scienze della comunicazione', 'Università degli Studi di Verona'),
('Corso di laurea in scienze della formazione nelle organizzazioni', 'Università degli Studi di Verona'),
('Corso di laurea in scienze infermieristiche ed ostetriche', 'Università degli Studi di Verona'),
('Corso di laurea in scienze motorie e sportive', 'Università degli Studi di Verona'),
('Corso di laurea in tecniche della riabilitazione psichiatrica', 'Università degli Studi di Verona'),
('Corso di laurea in tecniche di fisiopatologia cardiocircolatoria e perfusione cardiovascolare', 'Università degli Studi di Verona'),
('Corso di laurea in tecniche di laboratorio biomedico ( VERONA)', 'Università degli Studi di Verona'),
('Corso di laurea in tecniche di radiologia medica, per immagini e radioterapia (VERONA)', 'Università degli Studi di Verona'),
('Corso di laurea in tecnlogie viticole ed enologiche', 'Università degli Studi di Verona'),
('Corso di laurea magistrale in banca e finanza', 'Università degli Studi di Verona'),
('Corso di laurea magistrale in bioinformatica e biotecnologie mediche', 'Università degli Studi di Verona'),
('Corso di laurea magistrale in biotecnologie agro-alimentari', 'Università degli Studi di Verona'),
('Corso di laurea magistrale in direzione aziendale', 'Università degli Studi di Verona'),
('Corso di laurea magistrale in discipline artistiche', 'Università degli Studi di Verona'),
('Corso di laurea magistrale in economia delle imprese e dei mercati internazionali (VICENZA)', 'Università degli Studi di Verona'),
('Corso di laurea magistrale in economia e legislazione d''impresa', 'Università degli Studi di Verona'),
('Corso di laurea magistrale in economics', 'Università degli Studi di Verona'),
('Corso di laurea magistrale in editoria e giornalismo', 'Università degli Studi di Verona'),
('Corso di laurea magistrale in giurisprudenza (ciclo unico)', 'Università degli Studi di Verona'),
('Corso di laurea magistrale in ingegneria e scienze informatiche', 'Università degli Studi di Verona'),
('Corso di laurea magistrale in lingue e letterature comparate europee ed extraeuropee', 'Università degli Studi di Verona'),
('Corso di laurea magistrale in lingue per la comunicazione turistica e commerciale', 'Università degli Studi di Verona'),
('Corso di laurea magistrale in linguistica', 'Università degli Studi di Verona'),
('Corso di laurea magistrale in marketing e comunicazione d''impresa', 'Università degli Studi di Verona'),
('Corso di laurea magistrale in matematica', 'Università degli Studi di Verona'),
('Corso di laurea magistrale in medicina e chirurgia (6 anni a ciclo unico)', 'Università degli Studi di Verona'),
('Corso di laurea magistrale in odontoiatria e protesi dentaria (ciclo unico)', 'Università degli Studi di Verona'),
('Corso di laurea Magistrale in Scienze della Formazione primaria (ciclo unico)', 'Università degli Studi di Verona'),
('Corso di laurea magistrale in Scienze dello sport e della prestazione fisica', 'Università degli Studi di Verona'),
('Corso di laurea magistrale in scienze filosofiche', 'Università degli Studi di Verona'),
('Corso di laurea magistrale in scienze motorie preventive ed adattate', 'Università degli Studi di Verona'),
('Corso di laurea magistrale in scienze pedagogiche', 'Università degli Studi di Verona'),
('Corso di laurea magistrale in scienze riabilitative delle professioni sanitarie', 'Università degli Studi di Verona'),
('Corso di laurea Magistrale in Scienze Storiche', 'Università degli Studi di Verona'),
('Corso di laurea magistrale in Servizio sociale e politiche sociali', 'Università degli Studi di Verona'),
('Corso di laurea magistrale in storia e geografia dell''europa', 'Università degli Studi di Verona'),
('Corso di laurea magistrale in tradizione e interpretazione dei testi letterari', 'Università degli Studi di Verona'),
('Corso di laurea magistrale in viticoltura, enologia e mercati vitivinicoli', 'Università degli Studi di Verona'),
('Corso di laurea in architettura, costruzione e conservazione', 'Università Iuav di Venezia'),
('Corso di laurea in architettura: tecniche e culture del progetto', 'Università Iuav di Venezia'),
('Corso di laurea in design della moda e arti multimediali', 'Università Iuav di Venezia'),
('Corso di laurea in disegno industriale, comunicazione visiva e multimediale', 'Università Iuav di Venezia'),
('Corso di laurea in urbanistica e pianificazione del territorio', 'Università Iuav di Venezia'),
('Corso di laurea magistrale in architettuira per il nuovo e l''antico', 'Università Iuav di Venezia'),
('Corso di laurea magistrale in architettura e culture del progetto', 'Università Iuav di Venezia'),
('Corso di laurea magistrale in architettura e innovazione', 'Università Iuav di Venezia'),
('Corso di laurea magistrale in arti, moda e comunicazione visiva', 'Università Iuav di Venezia'),
('Corso di laurea magistrale in design del prodotto e della comunicazione visiva', 'Università Iuav di Venezia'),
('Corso di laurea magistrale in pianificazione e politiche per la città, il territorio e l''ambiente', 'Università Iuav di Venezia'),
('Corso di laurea magistrale in scienze e tecniche del teatro', 'Università Iuav di Venezia');

INSERT INTO `Descrizione` (`libro`, `testo`, `copertina`) VALUES
(9780471438090, NULL, 0xffd8ffe000104a46494600010100000100010000ffdb00840009060714121214141214141514141415171414151415151414141414161614141414181c2820181a251c141521312225292b2e2e2e171f3338332c37282d2e2b010a0a0a0e0d0e1a10101b2d241c242c2c2c2c2c2c2c2c2c2c2c2c2e2d2c2c2c2c2c2c2c2c2c2c2c2c2c2c2c2c2c2c2c2c2c2c2c2c2c2c2c2c2c2c2c2c2c2c2c2cffc0001108011400af03012200021101031101ffc4001a000002030101000000000000000000000000040103050206ffc40043100002010302030504050b04020105000001021100031204210531411322516171068191b324323493d115234252537374a1b1c1f0143372b2e1f162435482a2c2ffc400190101010101010100000000000000000000000102030405ffc4002d110002020202010304010207000000000000010211031221311304225132416171e142d12352628191a1b1ffda000c03010002110311003f00c1e31c52f8d45f02f5e005eb800175c0003b40001f2a53f2bea3f6f7bef5ff001a38d7da6ffefaefcc6a4ebe9c62a8e0ec73f2bea3f6f7bef5ff001a9fcafa8fdbdefbd7fc692a2b54896c73f2bea3f6f7bef5ff001a3f2bea3f6f7bef5ff1a4e8a9480e7e57d47edef7debfe340e2fa8fdbdefbd7fc693a8a52f828efe57d47edef7debfe347e57d47edef7dedcfc693a8a6abe058efe56d47edef7dedcfc6a3f2bea3f6f7bef6e7e34a545355f02c73f2bea3f6f7bef6e7e347e57d47edeff00dedcfc693a0d290b1c3c5f51fb7bdf7b73f1a3f2bea3f6f7bef5ff001a4ea29480efe57d47edef7debfe347e57d47edef7debfe349514a5f02d8e7e57d47edef7dedcfc683c5f51fb7bff7b73f1a4a8a52f8039f96351ffdc5ff00bd7fc6b5fd92e2579f57655af5d6525e55ae39062d391209f103e15e6eb6bd8c3f4db3eb73e4dcac4d2d5953e45b8dfda6ff00efaefcc6a4a9ce37f69bff00bebbf31a93adae88c28a2a6a908a28aeed90082406820e2660c1e460cc547d035388f0436f4d66fa9cb22c97848fcd5cfad6d4f84af39eb1e347b31c2d35372e25c2fdcb372e2e040259048532a763eeae6df1eb82ddfb4c16e25f20b072e4a106435b396c64f3f2154707e28da666645562f6dad9cc18c5f6680a46f15e2d7d43c528bfaaf83a5c6d33be39a14b26d8b6f917b2b71d4956365db9da2cb00c73e4089ad7d77b3d612d96cee27d112fa177421eebb30ec02e209e4370677af2aaa0081b0a7f8af126d41b65d501b5696d2e396e8a491324efb9ab3c397d894baed8528f233c038725f5d497c81b3a76bab8b01257f45a41dbe159196d3ff8f753dc338a3581742aa376d6cda7cb2fa8dcf1c48dfce95d45c0d10aaa1542c2e51009249249249c8cefe15d231c8a72be9f5ff04e291a7ed5f0c4d35feced972bd95b725c8266e2e51b01b0a778c703b566dadc01ca369eddc63daae4b76f1754508164a64ab24f4277ac9e35c51f5573b4b8155b054eecc15410bb12778abb55c6dae1b6cf6ed136ad0b49fee462b254b2e50cca5891239c571f1e7a873d7d45b8f277ecc70c4d45cb8b73284b372e0c4806504e2641d8d57778603a34d5a480d74dab96d886c580055918012a411b11ef354f07e26da666640ac5adb5b39c918b886e446f5c5ed7b359b76000b6ad1665459dddb9bb1249631b7a56a51cfe6d93f6f1fc8b8ea2941a28af69cc8a28a08a8522b67d8cfb6d9f5b9f26e56356d7b19f6db3eb73e4dcaccfe961762bc6fed37ff7d77e6355efc2c5bd3dad45d2c05e765b68a016c5233b849311b881d6798aa38d1fa4dffdf5df98d578e2a1f4f6f4f795992cbb35a7475475cfebdb6c958153b411b88eb5cb2ef51d3fdff46a356eca6c70fed350b62c3679b85b6c4639489c88e90013eea71f8183feac5b7666d26ed92802e2062aec907bb04723320f3159da4d6b5abab76d42b230641b9511d0c9dc743ea6b41f8dc7fa93690a36affddc9c32a2925996d00a0ee4f33c8088eb5cb2f9f65a75c7feff0062c6bee47b37c186addede783849b7b021dba2192227c68fc8d1a23a972cae2e2a7625608cb91624c83e51e14af0dd77624b283986b6c8c1a02f66e1e08896988e63df4eeb3da0ed6cdfb6d6f7bfa8edcb8b9b218005b0986e028026454c8bd4797dbf4dafe42d683827041a8b57ae4bcda7b4b822062e2eb11b02762239523c67462c5eb96838bab6db1cd760d1ce3cfa7ad5fa0e2ab6ec5fb0d6cb8d41b7930ba10a0b64918f71b73277f4aab8ef146d5de6bd71554b620aa1e8a23eb11bb47e947baac7cfe595fd3cd7fd07aeabe4b7da4e1834b7dacab17c551b2202ce6b30009f214fdff664636ae5ab8d72c3b04bac140b962e11215d7946e37fc4566fb41c57fd5de37bb3ecc95552b9f683b831041c57981e06aee1fc79ac5e7b969485ba985cb4ce1832e388960a3bc39831b565c7d469169fb977f91edb664d90588039b1000f32606fefad1e3fc28e96ef679075288e8e393a30d88f2991eea4f417c5b9254b1c1954e41702c23382a72da446dce9fe21c6cdeb166cba4bd890b7b31255b9a14c231d846fd2bac9e559234bdbf72714cbb43c22ddcd3dfbf9dcfa38b592855ef9b85810a49d80c7dfe54bf06e13fea6f9b68f08aaeed70ac916adee5b09fac446d3d68e1fc5fb2d3ea2c76790d46193f69894ece4ae2b819dcef27e154f07e26fa6ba2e205271656569c5d1c432983b7af4f3ac6b9ea75dff00497dbc1d0e1e1b4a7536cb62b77b274782ca4a86470c2241c8022041a6b84f0517ac5cbd370b5bbb6edf676d43161708190eb237dbfa526dc462c7fa7b4a56d1b9dabe6e1ee33850aa320aa028006d133bcd35c278fb69ecbdbb6a43bdc4ba2e87828d6fea8098eea77077dc1e9589af53e27af77c7e8a9c6c538de8869efdcb4ae2e8b66335d836d247330472ebbd5ded270c5d2dd16d58bcdab7724803fdc138c0f0aa38c6b56fdd7ba2d0b59996457c865fa4549518cf8418f3ab38f715ff0055705c36fb38b6b6e03e608410adf5441df7e75d23e6b85fc73fb33ede463887084d3ddb36efbb867b6b72e320056c8b84e2b89ddf9093222791aa381f096d51b8a9bba5b2eb6832ab5d208051198475998a9d7f18edf06bd6f2bb6edadb0e2e628c8b389bb6f196612770eb3b6d4a68f52a994ab127128e973b3b96994ce48d89127972a8a39bc4ff00cc5e2ce75b6425c6501c62622e2e2e0c6e197a199f8569fb1a3e9b67d6e7c9b948f17e22da8bad75e03362206fb2a85127a98024f534f7b19f6db3eb73e4dcaeeb6f1fbbbae4cbec538d9fa4dffdf5df98d494d33c70fd2751fbfbbf31a929a8a7c0a2c06a66ab0689ad6e28b26a0b57134354dc50fdee19751dadb280c8a5dc64b08a3996330bd3e22b83a1b92e0ac1b6eb6dc12062ec582aff00fa9df95173895d6b8f719a5ee0c5c9021d4c774af28d86de55c7e50b9370969374867240259c1243ee366191dfceb3bb2d23b3a1b9d8f6f1f9a33de91d1b13b4cf3daac7e17743aa4296646b8a03a99455ccb6dffc771e3bd507885cecbb1c8f64248481124e53e333d7d68ff5f7320f91c96df660c0dade2571f8330f7d366288d669dad314b8218412246c18061bfa106af6e19705d368802e05662246ca8a59893e4149a5353a86b8c59ce4c6013b6e14003f90157b712ba5fb42ddf2aca5a1770e317076de54c55d98a417743717b4c963b2c33df702e101088e60cf4ab4f0bb9922f74b3a1b8a0383dc55ccb1f018831e30696b9ad76cf2627b5c43cfe904dd47946dcbc05743885cc95b3ef22766a606d6f12b80ff00f1623df4d99289ff0046fd9f6989c31cbcf0cb0cf1e78e4089f2346af44f6a33101802a4104329121811b11d3c8823a554356f876791c2231ffe3965883e196f1e3517754eca15989504955e8a5800c40e93889f4a6cc51c1344d7335135adc51d4d135c513537147735b5ec61fa6d8f5b9f26e5614d6d7b17f6db1eb73e4dcacca7ed6548438e37d2751fbfbdf31a92ca99e3a7e93a8fdfdef98d49655e7533745a1aa72aaa682d4dc5166546555cd134dc5166546555cd19537145935395573513577145b95134fe8b82bdc4ce4283ba83b923c63a0a435168a3153cc7f3ae6b3c64e933a4b04e31d9ae089a0b55734655bf21ce8b268caab9a269e414764d44d704d44d4dc5164d1355cd135371459956dfb127e9d63d6e7c9b958135b9ec39fa7d8f5b9f26e5572e0519bc74fd2b51fc45ef9ad494d39c7bed5a8fe22f7cd6a46b8d9a3a9a9cab99a9a96099a26a2a6ad8266a2688a2960926a0d15d5bb65880a249303d4f2a9653d7f0cd7b3dafcd8b6c428c95dc295c446c0dc591b7406bcb6bf539391dd264b1c4ca8263baa7798c7c4f3a5788a07611b8518acf80fd2f79935d5ab04c103788214126475dbc47f435ca18941b7677c99e5922a2c2689a1811b1907cf6a2ba9e7266a268a8a0266a09a26a28099a89a28a5809addf61cfd3ec7adcf9372b0ab77d873f4fd3fadcf9372960cfe3df6ad47f117be6b5234f71efb56a7f88bdf35a91aa09a9a8a9a8028a28a026815153400d5eb6cddb76ede20a80079efb6e4c0e66bc9a296200dc92001e67955b7f893212aa2dba400a5d723b750646d3befd2b8e5c6e7547abd2e78e26efee1aa82d90da67de013b8ff3a56df02bc896e79162723ca60c0dc0e9fe73af37deca4fe90047411e00748dc7ba9b3a97b2aa5624f79832ab2e2765ee91cfacf98ab93139475261cf1c793718e2f795dc9582046fbf33d04f96f1e559f5c5eb8ce55891bcecaa15548e6206db8835d9adc63aaa39659ef3720a0d44d15a3985454d4500514514015b9ec37dbf4feb73e45cac3adcf61bedfa7f5b9f22e54067f1efb56a7f88bdf35a92a7b8efdab53fc45ef9ad4956800a9a28a009a28a2a00aead21660a399302a2bbd3b10cb024c80078ced1ef9a8fa2c6ad5f46b3f0e5b6a58124e2402488f0240f18dbdf5898ee67dde9d0d69ea78802a40bd1cd4a62f9751b7e8ff3acc5b994fc3dc2b9e2dabdc7afd5f8ad78d1ada5e160a02e4feb003a06e87d690d6af7c9e849f711c97d00ad4d37187b6b02f0b45943105490db403214f415917b51939df22c4b33c464c401b0f0dbf99a437d9d9332c5e35a2e7e7fb8df0dd1f6994985d86d125ba47b8ff315cebb4810f74cfa906bae1faac01938891de8240cb6dc0dfa0fe754f11d60267b4ed3c310428f132c06f1d2a5cdcff0692c3e0ff50bd15315115d8f1054575151404514514015b9ec37dbf4feb73e45cac335b9ec3fdbf4feb73e45ca80438f7dab51fc45ef9ad4953bc7bed5a9fe22f7cd6a4aa82454d451401535153400a092001b9e405389a76b60b1104085820905a658c1e827e22b9e1cf0e7c60c7f78f70a7f8a6a548844753b4166ee803993dd1d3ceb0e4ecf44314258dc9be4c0eca771b78568d9d1168623156dd8c8049fd281e71b1e5bd2808da397879787c2bd18d559084dcb571da490c8ceab8fe8ecad03fcf0ab293fb131628caed9e6f552ee49d8f5f2f05f70ab74ba4661b092bb65200c4ef1bf5067cfbd5170ef11044c8ea258959f3c71ad8e0f7ad858b96dee083011d94869924e2413b45572744c78e2e54fa32b5ab8a84f1ef37282fc801ff11b7ab3555a4d29695027acf20a4789e80ee3e14d713bca5c95528863046259a40dcc993b7ffd55dc22f052654b6e0900c12236de0f5f2eb51c9d08e38bc9adf0277b4ec9cf97883fe1155115a5c5b5009d91ad8120e46667ea81dd58df7acd148dd724cd18c6551e805454c54568e44d73534540456e7b0ff6fd3fadcf9172b12b73d86fb7d8f5b9f26e500871efb56a3f88bdf35a91a7b8efdab51fc45ef9ad490aa08a9a2a6808a289a7b86e9f220c292490a18a8510016272307eb089f0a1a8c76742f6477598f4eeaffcdbac79093f0a57b776c56e3bb20db99303c44fc7dd5a9c52c110ad8cf7b12a51bc3224a9eb039f8527a74048079758f0009dbe155aa0e2e2eac34da7df16e4b25c8fd51b98f5e9eb55ded4dcc9b16650db9556214780f4af4b7f864590e2e241b60f67dde404807bd2488e677af36444c7afc7a5195c5c793916e37e8c247af507df576a4b205084ab8dd99490d2dc967c846de2c7cab5b43a54c5c172a554b98b6af94059dd9815e636e4626b2b560162c0c8c8f489300cc4983dea341c1a562d816ef312483de93bc1faa479731f0abdc45b99ef31907aaaa9e60f4933cbf57ceb478269039dd91090dde720280236df6927af3dab9e37a608cab9adcee64191837755a31314a1a3abb3202b3ce4cc5a254b313cbeb0dfcb7f755829cd05a04c9890ca1722028267762481103aede3576bec81009b6db900db7b4c7913ff00d3276dbaedbd2b80a0dad8cea8a9151593045153450056e7b0ff006fd3fadcf9172b0e6b73d87fb7e9fd6e7c8b94067f1efb56a3f88bdf35a92a7b8f7dab53fc45ef98d48d681345140a80055b6de1198eea0aede2c6620f43197c2a74f632de76e4204927c07c6bad5a77542cc09d8feb344b7c028f2815a517565e572856fdfcb236d4a8da65b231e0361b4c74a634ab2c37803bcc473006e7dfd3df5c696c778623fe53faa766ff003c629cb9a72a8c0660923eb263928fd1f224efee14abe472c4ee6b811050c83fae718f0c6263df55a489cb98267ff11b54600f31bd695ad27560cdd981da6236107bb91f803e944afa0ed94ddd57670acac494138b9489dc03b19da3c293cc923a0c64007a12773e723f9795597c12c72dfa93e24d31a4d2970144eed16c289624fd603cb91f5f7d126f81727c1c0b9820244e4db09c761b3365eb03dc7c296bd7f292ab882c0196c8f8804edb537c46d9ca208c614ab6c56368f393fd7ceb9d1d899006c46e00924f3581e51f02695f61cf445a6c439fd10048df733dd023af3dfd6aabfa80d38295eeee59b2207e946c3ff534deaad1540a030dcb10c224f2047901fd4d51a6b1b822063b926623a88eb3ca3ce95cd0b922b5e4288a62ed802609f423a7af8d2e2a4938f640a228345641115b9ec38fa7e9fd6e7c8b95875b9ec37dbec7adcf9172a010e3df6ad47f117be635255a1c747d2751fc45ef98d48815a045115d45742d93c8135017e8ee95020aa90d019d6d9596dc7fb80a83b1aa3597e1b7284f21d98b6160f363d980a7f99a9e216e00b7d579f9bb44fc0003dde754e9f4d3dd3bc99581d57723d089f8574ddb5a9767435a17869fd58627c0290d27c3973ad8f6838c76d6806da583022e5b7eea9dd42a890d58f7530b7b8ddf73e4a392fa93bfa01e348dbb38906011d41ea3a8f58eb59e429345b6ee7e979cf948335b563891b6971556c437d7171dd5d81dd55945c1944f4159d634b077128a32ff0090e607bf6fe749dfb65d893b93f58f893b9f4aaa4e24523bed64c738ebd0c924c4f4deb4b866a4db28e30c81210dc62aa0a90d92b0610465cc9a4ece9cb0103bdb23784fe89f78fe951c414160a392f747a0e6def249a274ec6cecef89eb0bdc2cd864dcf025873ddd98b1924c75e94cf08d59b4e1c7e899998032186ec46dd39d6759d34888dd4e423aaed20fa183ef357ead31b614832dde6fe88beedcfbc7851b7d8d9dd8efb41c57b5652d8ca86002babce51be4bb0037f88a4b4d7227ce083cc4a99ef08823d76f752f634dcd4fe9728e7237fe6245362d95462c0826547902258fc36f79a5f29872675adbe44166b4621bb82d4b11c87e6d47be69253b0ae2c592083123c3f581d88f52269a7d395e863a1f2f3a926e5cb2b7655515d45115821cd6e7b0ff006fd3fadcf9172b162b73d881f4eb1eb73e4dca014e389f49d47efef7cc6a4c2569f1b5fa4ea3f7f77e635258d0e5b14e34da85e4c59614638a2b0e5249975f8efccd558d46b2f3da231c48c6183db47018ee400e0c46df035d31cb5766e13a654fde3e2048531190f189f19f1f5da9ee1217b5b61e3037ec8b9972eccdc19e5e5133e959ba642c43ccf30db0001e8001d08e9e469cd402b6f6d98c349e414721079cefee03c697eeb0e7ee2ab8c9b00ccc089392842001b130edbcc57561258489f2f1307107df14a5cbcf78c390091b422202c396410013e7ff009ad1d35a1d770a24f9f80f798a4a56ecb39f268dd1a71a7cf25edbb32c7f3bdeed2523bb3ce33da2b1153ff5e0637aaaf6b2e095389833976699fbae465fceaed3582247393ddf120f23ea6693762734d1b1c2d6ccb1ba50a84c551d8a7799645c0478127e359370092320e54950e393a803703c267fc15d6b352f6dbf36415c71328adff22010601f2a574ea588727c411ca3f5401e1bff002355c9b541cd389a3c3d464a1a029621c938880b2a0b6d0266aff6856c0baa34e54db2a49c5f30ac1c81264c182b0293d464892b01a729d8f74721076dcc9f70a46e3dcbb2588904480a106ffa50a0031fdea5fb68466b5a34343008988ed2d869e5865de9f2e535d7116b39116b3c4979cf080a260ae3ee8f75706d9c188e718aef1dee7cba8807e2291bb7ee5ed98c98d80445071df7c409da79f8558cbdba88e454376073e538edfdc8f77f7ab35572d623b3ed73db6628413fa5cb78ae74f6b63bfd55f3dd8eca27fce4692bbaab8d0ae640ee98440d8f596024f5e66909d2a2467c16903a72e9e953857766ce2003d3e1e515de35c5987228c6b6fd8a5fa758f5b9f26e56594ad9f6317e9b63d6e7c9b9441485f8d8fa45ff00df5dff00bb52816b4b8ca7d22ffefae7fdcd29d9d4b38b7c9d2d9312ad6d4030159d036dd486dfa75f1a453be72e8247ab4ee7fcf1ab7557d54b2ba64481055cac12370401bf3f8d53a05624cec310401ca3a47f3aef925171e11da6d6bc1a3c3b481d88c821ecdce6df54610465b1f13d0ff3a5f589df085d1c9194a1623bbd096507fc15dea1b05062449c8062bdc302091d0c6feeacebb732626dae0095db22c77e424f4da8a4b5aae445a701d08399131fd7a533c474d72d2067538c4b820001b3650001cb6c7e351d9ecdff0013eff01f1acebda80e142dbc5c7325d9813e389da474acc26aaa898da6862d58885ea4ee7cc9dcd6c70de1e1ed170c539e0a1d57706e0390e7d139f89ac9d1a128b333fcfcaa355aac0ba15632766176e2478c2a983bcd48492b18e5cb4536465dedb71023a01cf6f3ad7e0bc3c5d7209c62de458305333dd593d3d3c4d64e82d9969888111cbdd4cdfbbd9e2c416126543321c7a4b29f19a2954889a530e29671bcd6e6718606412ca7902473e9f0a2c58662a104bb16039480a149e7ebfca900ecee0a8214b72c998f2fd263b9d898a7ef8c549804020c4913e8472ebf0aaa494acada523be2fa72970db924104a3120920040e64799037f2aaf4f646db726403c896032f51fd690bf73369b698091b64ce7c84b74ad336c856239859dbc4721cc46fd7a51c96d626d2920d7dac2076d6ae4dc0a02b331049c7282a2227a52da7b600e5300923c4804efe5fda96d4de0fba5b0840dce4cc7cc89e477a7f4968c2f8c0f77893e51b9a4e49b4c6492b445e42a93da24633866bb78009354e3fd01f88aa3517c461d9ac8630e4b6e27694263c2afd15b38f7b9c9a669a97290c8d570115b1ec70fa6d9f5b9f29eb3cdbad6f6453e9967d5fe53d724ce69f277c56c4dfbbe776e7fdcd67b5e0370b2b3ccf523cba73af4bc434bf9eb9b4cdc6fe6c6bcaea6c32e6ab75462480adda491e30aa5679d4f4d931372dcdc616749656eefcd40ebccb1fad3e62aeb5a33df16d7208572dc00b9862a04c4fd46f88abb805b9429bf72209e666649f7d77aa0d69dc25c5b7da8466cd0b6e9980042b40ef93531e5829b52e8d28734c4bfdd62b1189ef8da01e80797e152da45520a8824c4081979127611fdea782a9ed1831c9ae12ced1032f211b0e7f1ad2e25a62a8181c4a3483bed3b1e5b8e9cbc2a7960b2d3e88e34ccfd58369cdbb80071040432092b2a09e73cff00cdeb85e1cb1de032824b781e64fbbfb571adbaeceaef7bb6c37527b43b911b9b9bec3901e35bf6f4d90e5b30dc7930dc7c0d33658292ae84a15d188e4a4485faa0ce6036e2662763b8da2a2de9d6e77a25606208dbccff0041eeaeeedeb8b6cdb5ba8002cb89b4d941cc160794f7db6a6f835bc93188090a3fe3d3dfceb59f24124e2250e2d0be93444b322945037cae1296d7bb21244f78c13e80f852e8e2f00008e45c1e8b0207bf97b8d69ea6e5cb4cca972da0b98bb7696c3f79032800e0d1f58f41d37a438483da9c8866ba65d82e224030156040e7d073ab3c9078ee3d974e09b7a0024a050423315980ca0a8249f2cc40eb26aa7bdfa3032331041049899f3023fc9ad2e27a6c7070d8b2b40256441db71cf6fef59daabced785c775b85462a550a2e2492641de773f1a91cb8de2fc850b44ffa3548206f217a0c89e4092761e75deb01b4c2ddc0b932875c5890722caa0cf9a9e5e35a3c434d0990305195d4f811e3e1cf9d646bae3b3216bdda8439ac87fae0102733c87f53571e583c7cf6142d7274da2555c9b98dc9ea49e9fdbd2acd4ab5bff71214c0c819804edea3c7fc15a57f4a1ed127695cb6de08dfdf58bae7b9700caf975304db1da6c47d55ef6c07a530e5c6e0efb1185f65b6f461f765049e408e43a0fef556703612b3009eb1e9cab734285d15a37ebea0f4ac6d4e9cae6ab7b18301087923ddddf8c4d4f4f971bb53228f25b6543a861c8ffe88ad6f662d46aad7abfcb7acfe076e54a46c9107ac12499f3924fbebd1701d3c6a2d9ff97fd1abcef22de97c934a6696b74ff9c7ff0091feb58fafe00b71b2071279ed20f9d7aad4d9efb7ad57d8d7c879dc64e99e8d4c3d070b16842ef277279935c6bf842dd024c11c88fe87cab785aa9ec6a79dddd8d59e7b87f055b466726e53111e829bbda20c0a91208deb57b1a9ec6a3f50dbbb1a9e5adfb36a1a4b123c239f9135ac34f5a5d8d1d95579dcbb6353cdeaf802bb64095279c01bd35a2d0a22954338986f1ca01dfce08ada16c788dbcffac525a5e1a12e170e0e6803a803beca49ed010763bc46feb5af3b6a9b34a1c3b33759c3d2f4acf792018e6b96e01f2355e8b8425a612d2ed217a4c7381eff00e75b36b438dc76cc7e70ab15c40308a5614cf2f38e95c6b7870721bb408c8ca50c7d5027204122430241ff00d55f37f4df06b4575f612d65842025c207687159da5bc8f8d25a5e00808692c2640223978d6febb469706370ae241d8ec77e4434ec478d7766c044505a600193100b799f3a8b3b51e193455c7620fa40410448220fa1acc5f6712776247eafe26bd40b351d8d617a871e8c6acccff4c3c0472f75655cf6714b48620787e06bd4763476345ea1ae99544cab5a30a00020010292d6f035b8d94953d63707dd5e8bb1a8ec6a2f50d3bb1a989a3e18b6c42f5e64f335a3c36cc5d43ebff534d76357692dc38f7ff435bc799bc8bf686a39793bc7fce95c614c5d1de3eefe82b922bc3397b9feced4502dd4e15701538d6761a9461476757e3518d361453d9d43590766008ea0f2314c63518d1485195c0b406cdb557550d2d963064172577eb01ab9e11c3dad5bb48c17f3285320673923bc0731cbad6be34635b799bbfc9abb32b4da02b72e960ae2e5d171589dd004550b113b6263a778f2a5b59c32e9d4f6c986385b528c76b815d8b06d8c406041f1515bd8d4e3557a895d9549a32389e81ae3d96588b6cecdb806193100483e3bf954f13d035cb68ab8a95b969fff008a8b6c188591bf2db6ad5c682b459e4abf04d9aafc19dc27446d594b6d12a20e2641dc9cb7e53331d29b36eae028c6b9ca6dbb32f9651851d9d5f8d18d4d851476746157e34634d85147675d5a4dc7f9d2acc6ba41b8ae9825fe247f683458e37ae71a28afa73c50d9f0889938d18d14567c30f8456c9c68c68a29e187c225918d18d1454f143e10b0c6a71a28a2c50f8450c6a31a28abe187c2258634634514f143e10b271a88a28a78a1f08b618d18d1453c30f844b0c68c68a29e287c22d8634451456f16286eb85d919fffd9),
(9788838665158, '', 0xffd8ffe000104a46494600010200006400640000ffec00114475636b7900010004000000500000ffee002641646f62650064c0000000010300150403060a0d000007fd0000124800001988000022a9ffdb0084000202020202020202020203020202030403020203040504040404040506050505050505060607070807070609090a0a09090c0c0c0c0c0c0c0c0c0c0c0c0c0c0c01030303050405090606090d0b090b0d0f0e0e0e0e0f0f0c0c0c0c0c0f0f0c0c0c0c0c0c0f0c0c0c0c0c0c0c0c0c0c0c0c0c0c0c0c0c0c0c0c0c0c0c0c0c0c0c0cffc200110800a5007803011100021101031101ffc400ea0001000203010101000000000000000000000506030407020108010100030101010000000000000000000000010304020506100000060005040202030101000000000000010203040511121314062021153510163050312233604111000102040205060c0404040700000000010203001112042105314151221361d193b33474207191e1325223331494d4351081421530b1c163a19243246272d25383a354120001040201040300000000000000000000011121311030205060122241610213010002020102040505010100000000000100112131415161207191d1103081a1f150f0b1c1e16040ffda000c03010002110311000001fd62594000180ce0000ad165344f4481a85acc86b9b00000ab82aa673d96a26cf66b9b00000ab82d00007c2bf4f7abcd18ead9f7b88aab4cb6df26c736c0cc8b400018799e79c77ad31294d95bb39f99937d7377d31116722d000346aeb9e4754fc157bbf5e3cbbb3598e475e191d36748aa626de05a003173348cd3c4a8b6e15e9aff001a3ee9f0b2556ddacd53164dbb4d11f6562d00144c77f16d1c79f235416b88af316edf44cef9e8f9bbd4e6fbf6cc50b657b25a0029d9affccd8e9f587e964faf2f53d4f3ad55ecb657aec975773dde5c9caae0b4007e5fdf5e8fc7db03d6b9ccfb6e7eae4ad63f6bf447adf39b97d59a5b055c16800f30e7b8747ce98627244e4b7bb96ac594dc055c1680000783e9e4c8002ae0e3c7d30a6691e0c6590a426e48a726751026e1d48d8350f444916689b4652b25a0e6e9ed08ca64321ecb402a8738344f843a65518cd04fe9447b055cd6e78b3c063469f1c0000000ad4ccbdb75a015ba68e3be779984ce4f0000040753d7bd5f66d00000000e5e6a1a27403e9226a1346c00000002ae08f34ce8800000001572b4594000000000ad1fffda0008010100010502a6a6a75d3f84a51e1294784a51e1294784a51e1294394b4c48f094a3c2528f094a3c2528f094a3c2528b9a6a7453d27a55cd9087153a4136eca5b63772714a92b4877fcfaaefd2d27a573b3a8c0d599b71e6219241249241dff3eabbf4b49e97aa4cc421336738c292b7d4f9cc5925f9ca3933374b5b3a9a577e9693d2f4ad399321d799621b8ebf1e5913c1b69314d4e21420c87494dc825bb77e9693d2f43ef1329298f3c1d667a0d522357ae42dd7198c4d3b1a3c72644296f67610d90bbf4b49e97e56b4b69b1b5af6e0cf971e4b5bbcada6c634a79362e4a931a3adb96489087096d34fc3ff003bbf4b49e97e6f234c93165d89a6e5b8e88c84c47e3bb2497126353dc7e34984996d47ce66e4699267c765f698ba4bbe1a93d2fcda3279a56f243d3d891249ccacb0bcd2d8ad76648627abc73740a37d2da48e40bbf4b49e97e795555f4d9d6f394c4d6f3f8f44337131ebbfb55cc4d84dd937aee2c9a26d1a68177e9693d2fc99625f5e609d9949aa25d594741c5d58f06a296b8cde5ac36d643f8bbf4b49e97a945988c88c12525d377e9693d2b3ce5685b1ce1e6cad79bbcd4693cd9a8f0fee1b608e7b0d4995cae3c5a8b2e707a47c913169cb9c1b0ebfce22b2995cc674171de6f998b6567a0a4f4bf5ea5c53c7e990eb9c578d683fc7b86bc96e3f09b26a5b7c3e1b8db7c4aeeb23f19e3ee5c58238c25ce495bc5e4b7f5ca435c9e3d4b312ba0a774ae48934749e97e2f2b3ccd4c9e26f3d52ae104ebb17884e44c2e0b3d2889c18a23b3785cd7ad1ee0925c8445817c5dfa5a4d5f0d8bc3178296e20b7681bb40dda06ed037681bb40dda06ed037681bb40b99483a7a4f4bf16d1d12abd1c76adc09a0ab51a38e5638e7d2e18fa5c31f4b863e970c7d2e18fa5c31f4b862d7884466ae93d2fe2995b7ebb066bf95b489951cae40bbf4b49e9553e1204bb266236d384f35f8aefd2d27a5f12eea31513097f8eefd2d33b6fe1f56e86add0d5ba1ab74356e86add0d5ba1ab74356e86add0d5ba1ab74356e85cbb6fe1fffda0008010200010502fda660a5603be6cc0d7dff00098499242d6930616ee7061231eb52b0084a8c65c434d1ac95fc3660c3882224f519e00d69324ca5a4c9412e98cbd8926311d8827a9c49983d2d2fe52e38d991849f644834a5230cc1258174ac272249409b25a908492de246673b13078fe0cc8d351918cb89349c0653336d598f277fc3a0434829a06d1e54b445ff0007dc77f8cc330cc330cc330cc330cc330cdd0b4662da10da10da10da10da10da10da10da10da10da1028a5fbdfffda0008010300010502fda600cc7fe65096fb2b1fc5fc8c808618035f62ee30eb22c41e01bcc46a3c0dbc048412837802307d67fd02322d386216c19121f3529b4191e52049330aea498caa3521bc8124a0fcc52094466668ee612bca14789f4a3b87c9d52a33894871ed34a1dd42419e0c9128e4a4927d64479a43aa6834a3c1dfec0b2a49d8da68cddbf0ea77ce09609658aa42d45ff03dc771dc62338ce338ce338ce338ce338ce3374388ce5b221b248d910d910d910d910d910d910d910d91028645fbdfffda0008010202063f02eacfb648dd27af074d3ea988e13a1f08c8cb891b4bf0f7a1bf344699c30c848c3ec818fbed46ec8fffda0008010302063f02ed39248d4e793e1d4662711a1973e22365b9b0df9a3d855f81d2c9248d28d622a92321e4e36c9c33c76a316596596596596597d77fffda0008010101063f02ca96bcaacd4a559b054a2c37327863923ed165d037cd1f68b2e81be68fb459740df347da2cba06f9a3ed165d037cd1f68b2e81be6851fda2cb47ff003b7ff4c7da2cba06f9a3ed165d037cd1f68b2e81be68fb459740df347da2cba06f9a3ed165d037cd19aad19559a549b37ca54186e60f0cf24651dc98eac43a9173652077038a2890991f9c3c4bd6495368d3593273002a1a653309497add2e8480b42d52ded7cba215edec69157eb3a8ca0290a0a49d0a1f82fc5e1e6fdc9feacc651dc98eac4395389766f1280ab4a8e2a3b366d855572d3eb94dc4fc3481a0d4bfe92f143ca4dca0970c9b4b96d3a27ba91385fc4065e9aa689341348d91248091b07e0bf17879bf727fab319477263ab1e1bbfa82133501a6192912414d6a0ad7c90d5c7169b77121741d322344a13ed02b7f7d6397440df2d32d2c55b602999ada12a020fea8471bdecb7e519bf727fab319477263ab1e14a74f2c5fb8c3690a5e29b8da06186d878df95bccd5b95c861ae5afcb14f11c61ac50e3931a25869852dc29bb6823092424cbf3c09865d6ca1c53b3a9fc4914e88786fb8429344869c3c90a6692148d319bf727fab319477263ab1e0ed57e94c34aba7136762e28f103c64b51d400d9b62e1833f87a4bab70e29290a12a4ed86dbf68f284dc274e9db0808aea2643d75b474287f2845bbbec1ec4b48066552f5843a4a78f73e9047e958f540feb16ed7a6da861848a65ae0b89f495e9f8e337ee4ff566328ee4c7563c02b59924698b8794ae229a44f849f782ac07f8c583169c4a594168a5026e26644eafe7384a0541b0382d07315128d7f9885da376c1c002d4878a44e7b39651f0cb65414b429b6922695270d2408642dc6ed1fb7c695e25cad32c3186975052d1bcb708213ff28875bb877854fb4486c6a734e3e38386e9334abd61b6337ee4ff00566328ee4c7563c07536e4a814c8212aa0833d3547ed36d64daacae38697d41856f36133a94e1d87089d911242dce2bee8aa5350044c7ab0f26f7322f2128e2372999ad2ac14719096c80b0105f214f1a8cd0952cc884a5316af97d49bb71b6dc737089286a31f162f0577001537463869a616994d4844dbe223198ff8671c4429bc5a3ab614c34d975334264777cf19bcdc1d89ff00d3fdb3cb19477263ab1e05bde56b95aaa7c20649d046f7962e99538e29a9055bb939213569134e182b0869d6d24b0e307e21baa9421d6f7564a75e18c557890eba025b9a15505538838e94a843acb16d55fda290595cea525a0669299ecd10e8cc9b1521de1b4546852e5b46a9186f82e21370e3c45c29024704e899c4c5c3cea8b8ea554074fab29ca1d58d090103c7a4fe19bf727fab319477263ab1e03e190eb968ed1c3743926da4095534cf54336d6d261a6eda7322781204a5a3f4930a7dc6de592eb8ea1d4a2469990b492a9694898021c691c37ddbb4c8cb765589b6aa8ec9430869a5b1f0854879f4c86adf4d4af4a72d516d6c8b54db2ae144aeeea2b5d4804d267b4080f0276949c6674404b6905d73dda369db013a75a8ed2749fc337ee4ff00566328ee4c7563c020e83a60dc25caae5724ade74552409c8253a06986685f14d5ed4bb8a65b69d10e3ad306ed539833df48d894e88530edd21b55414db0ad47f3db3d50cbc84349ba687bd0a3af0384e24cb64ff717ba9e73056a3c4755e9387fa6cfc737ee4ff566328ee4c7563c3236c622718240f0737ee4ff00566328ee4c75621f66e72d5bea61e778af5bd210865376ab64a9416a9cf468858ccb2771b284ddbeb7185a1494b36af964e93a6721ca792330b6b4cb9eb7ce6c9b70dda565b5a2da8e1c944d52583c41a21bba4e5eb78ad376a2d711093fed1e4b0653d25455808bce3d8dcbeeb0b75d7ed870926dd8619656ee33dea789e330f38acbae1b64717e11e2514bca69e4b040c669c569d30c66cab55c9d2e5568a504b92667c42907d29530ea32eb471a529c29b4bf768285f05c652eee4e7fea4b187b33792ab92dde5cb09689436b5065c5834ed90446655dabb7eda56e3d6896a84145ab56ccbca2aa88999b90e39fb75c2d925c45938928f6eb65c434ea409cc48af09e98529597a9fb769fbd17a8529095b42d584bb422932329e98bc1fb65dd82db6ae28b857095271ab7f894895474a0cffc23325fad97bc7cad18ca3b931d5887cfededcee410fe9de05de31d7ebe3174f8cbdae25ea5d45d13321697cd4e091c378e26108772ab7e0db56b495eaae5592a279069837cfd9d970eed75fc5d74a54b519e0a0ada354398593cd5b5c2c2cb8bff0051012dab49c4492390c5bd95ca6d10abf2f25b6cab0f6feddc271ddaa9067e2945a636f7360ca7fdb871cc521ddc919aaaded123a6177e6fad2e5bb90b45be5cd06d20fa0ac549512b29a045a64978c34bf8979f7c353c1a5d0b75c5b86a9a6a055e386ac98b862ddc5b2bbb09610dbab71a92189b6b7161293481af57243cf1cb9a2edccb8cbd66452afe6904cb4c2d17397b6ea5c756fae73c5c75342ce075a7085a5760da83955631c6b6b80aff00d7bb19b2522494d8be00ff00c66328ee4c7563f1becb38c6dfe2dba78c319633d1f9459d934f30c5edbdd2ee85e49c5f0d6e4ea5360ab9742b087c3cedb9b657ee3c0933ed126fc277b64dbc651697d797b6974fdbbeca949f872125a6edd56e538a8e38cfc716ed2332b6432db76ecbc90c19b89b4b82f36675604d5bd192ac3cd5197b2c22e9094a91538c2cb81d49491892719c5de636b995bdb97de79f69c36f53c0bcc868a14b9e2914e1840b64de5b7116cddb0eacb4a32171702e1346f4f7652c600d9f8e6fdc9feacc65124a3b131acffdb1c91e8a3fcc79a3d147f98f3454be1a5234a8aa5fd23df5bf4be68f7d6fd2f9a3df5bf4be68f7d6fd2f9a3df5bf4be68f7d6fd2f9a3df5bf4be68f7d6fd2f9a3df5bf4be68f7d6fd2f9a3361c5631b27f439fdb319477263ab1f8dc32e5742802434015ee99e1386e57376388649a9996b03d5e58203d7b87ea2ccb5ca58884362e2f029c32492c486bd74f2476b77c89e68ed6ef913cd1daddf2279a3b5bbe44f3476b77c89e68ed6ef913cd1daddf2279a333745d3a4b768f280927520c651dc98eac7f0debab2cdc316eaf756ab134a7729d12969c628fde2da5332a905c329618ab96185359f36ca92677010952127753a34eb119bf727fab319477263ab1090abb68152a802b1a672fe661f714d3ce8b6495ac34d956004cca1b7405243a90b09509284f1c47f0f37ee4ff00566328ee4c75621973e219dc5d4ea7e19bdf4d757e47018c3eab9be4b8d3eea9c5db21124955534a8ccab102425a393f899bf727fab319551636651f06c524dd380cb86357c398ec165f36e7d34760b2f9b73e9a3b0597cdb9f4d1d82cbe6dcfa68ec165f36e7d34760b2f9b73e9a3b0597cdb9f4d1d82cbe6dcfa68ec165f36e7d34760b2f9b73e9a3b0597cdb9f4d1d82cbe6dcfa68ec165f36e7d3466b5d8d9847c1bf51174e132e19d5f0e23ffda0008010103013f21412e7885557c7ab56ad5ab546d69878d55ab56ad5aa025cf00a227c355ed1b75512dd6958e46528c6d536038523ae496698a0ead7a2d67de0f98b425da179f5e8cdf91cd8fd4f96156ad45457a480056a956cf3ccb922a2574b54e40e5c372bc60870b40597cf4ed505369094bf55e7370b14e8a8ce5d7fe10ab54136398a40649895ec54a4ecd8d71bdf8895ec50a2d8f3ce25dc287f45d1fdf483551aafb9d426d0d3d0bf9156ab30908446da044f2d38c776213257652640eaeab9c023452b21081c4ca410cc996950fa76cc3904b0a04a2200d392b114b8ea957d318660f805ae31439f3f1d5aab1da30c4ae3211d942ff00089f148be4c053f89ce2c70f1b0a1f408219a602036138e4c6d1c42e75caa9fb66a11b78595bd49fd234b7ab508b13d0d66564475b3c9b7c556ad062da8a397d34f477ca60631820a8573bb30c418e2e4eaab6607cf8945ba00b6ddf2b67b6f51c9495247745b42af5141c9aa1ee8cb2f5dc5f0cdc1a8d0e3073122616cd1e0d7a2e821a63906b618b3d7c556a980059305f6837cd6a32a9f0aaad1da67eec2bb40907aa0a6582ea5b7783301b83b03515abc5c82a9489d5dc10c16970782cd9ce22ec2615d7400ddd18ef1de1d0c819cb94e5239673ad1603266bd6501928c20972329878555099f67f5f301e17d274847d19690d2d3a92a3f13a96d5c11bc1e2250b68760c466eda94f85bcb4cd6772b58a1b009572f833d22e66c2e0838c7de5611694a8595434de6008159757be78ead5c95599ad10e0b8159798fa068d5cd8938a2e5da3e12907dc94b8c6a820d60ab345bd1803d96d45d8cf6870787128d1195e487a81945003c3028db188026b39157072c325b67ccafa8f8ead50256143b31aa6c2252b00872e7988f180368dd1e5639bacc536376dbb09f594d46c96cba21b2eaf0703888a660d363027c63510cf4ba90b31bfb07d61b4843995c0d0ec7cbab5455c100d10e89717b63a8078ead5bcde8ad620022795b41517d1a14a901fe542b4fa4501a40c0eeef18986c777fa64355975b8b66d91022c2344ad97c043bd63ba9b21ac985e91aa4223f424d88984a6c18fa8eb85b5278a87580e00321c06acab942daca3013fcaf1e30945b9ed112aa01c91778c9575142246a8326d2d77ae90d07357c00673b4c0e52d6b56570e4f1f0aa104d0b9113dcfeb98892a02ad9a0e037335cae5ab261be670748e63a2426e616dd96f3b983a1e4cf6a6a1dbc00e6042e79a057008aab3d899558bd1e5a80bda5e88bd9280db24314d756e081c4cd9a101ed964d4b17595f6a4423909a601556f8ed5c342e38b05dc374bf4e45a0e2b1a48c4f936c1e4e41e49dbc80406782a8b38f4ecc06ec59744bc928a9ab0e74baa31b1db825df7ccc18b67300c0c3c41081f0fdc4e04ab54d4e826fc687aa8a9c8546bff0036fbf1656f9bd4b513521f8aeb1a5bc842eb0ce3d1285de66c59da40782aad6586fe3372e5c86f0c1f567f128fc4a3f128fc4a3f128fc4a3f128fc4a3f128fc4a2e7746857b25782a9bcd040a6a6a3a9d68fee6e48d8cece252fc78355d54b78974f1cad04daa1e6f9078f1e3c78f1e72aaca957d3e6552ff65c32a9c9fd997420b6350c8ad737a55046aa6251a289d47ade272b79fe1d57b2324ad55a1e81e715f44c1e880d075fbc61edb88706c89793e6d5ab6a3a2aa833aa019717571488377aceea0829d5b6cfcdaa1115678c15153f57e754a952a54a952a54a952a5448aaa3c64a2b9fa93ffda0008010203013f21fd51ce329858e3e1fa597f245910960d88edb8542089350bb5e3a3f03bd88c1383af597f34a77b87399662037e2016cb841c5a3f6995b7304baff71259dca175896c1c45d89a78903a457973d221410aeb3efef0e6e08a318e3de738b764a03c46a05e4ccbba600bd903da4776dc58b619415815e3adf2fbcce9a8e4ba4666cbe7e04a1a54afc9981143314a8064e62726655b5e6ff82cfc45495ea7acaf53d657a9eb2bd4f595ea7acaf53d657a9eb2bd4f595ea7acaf53d6798f5f013a9df677d9df677d9df677d9df677d9df677d836edfd77ffda0008010303013f21fd5753046b59f82dbf305a1f206a23a417305433b2bb1156d8e17f20212cdfc4ca3df48afd12c0588014467713af105c685710de53de156252ac47670fbfd7ce5894323cc1f0829f111e73146211a3881556c86ce6ff007f58d0f3d25f6f8405a5cbe2101a954f4606d2dfdd9da553796a598e1325b4e93d6210302a5f8e82a00367d61773101e29528fe8c24c9558aeb2f0bf92dac933dc576c405ea30fa4ff00850a37529d4f594ea7aca753d653a9eb29d4f594ea7aca753d653a9eb29d4f594ea7acaf53d7c02af99df4ef277d3be9df4efa77d3be9df4efa2c36fd77fffda000c03010002110311000010800004000020324000000005a600000000000042b25d0000000a512c000077e3330000115fe5fc00008bea119000033d9f4a00001a0599c000019086000000000000000168a6d941240369b49a2900002da0910005b3ff00ff00ff00fc007db6db6db8000000009204800000000004000000000800000000027fffda0008010103013f10741f8514caaadabe3dfbf7efdfbcd190ab3f9f1a7efdfbf7ef341f8514ca22589f0df787c2483b735dc419e132d402aa82ca870ea47ecc948e3eec0281ab81330c030c4882a91df0563221f14930d3488d257c3ef9f277ef461876e9acdcd00fc863427d842b5169ab23dd452650e804df262252cda2530d923385a82b8b272b1ab82844a50006555f87df3e4efdf5f7df854055a0db0ef5640a5c81757c5ee58ee850280b9632bc4b80baac2224a1bcdff99a0543ceaa32a28aeb7da0150ce77c42d27362ed88705d4125904514bb5a0cc0b29672ea9650d694dfc8dfbd8edb28d51c3da0b349c17036b6ac06c466b6341a2bd02d5d41a86a52bbca57682d29ccc7ec042c3498033bb96128961a2e310d3b029967a454aada0032bb711740d79ba014ac2adf1e3dfbd694bb62d728668987905ed3c2412a1cb177702b94d05b4cca0e1095512f595f625bab4d6274869b2a3161e392079960784ef9b8414b7488e170a7af92adbb21c00db6c2834001b05ea6b101ed75cca4fdc442d21c5b93b78b7ef3c3647f80e57412f98b417612c6f016af48788a20324f1d593773a97e05c535d52a59a510e6bc9ab21c2a30ba814668c231ccba2e9f5ccb0d04401806e58e034d8c4bbdb5a6b015216c66fa46e493ed85578128014463ec8e92036aa813cb55e2dfbccf04b10121a4ad30b6cc12d8a8516531d072d648c76120e8fe88b42174ac4ea9064577582816ae899af3b414c2373832c6b16ba5c315558af0b5b98a2377834cd26815541c5c1119a12940a4d9419a223f0c8b30370378d85ef1d1b91b068c306b51803d658f7ede1df50cbcb65c005c0502cfa8a7d29041ae51b5ee25de52a88d176051a16b50d966ee26e80d2194acb2b36631b8bcd6185946846550e8c9d928548573dd458420ae05105dd96e20f0fe1d9415d6c2eb1a960ffc8db2e869c79e9e3dfbecd44b6e17fda5d8eabb5d75052bb04dea5c5a3d60591052f61dd45620608443e3879cc665c87011da1d6433544615941862d675d83518da60ab0d55433d21c816c8a60c9cbb869668622e8b079fa1b41aec36376c596ada2efc7bf79d269ba4293d234bcffb1a3065b726a2ce358a9015241000b15018cfacd0fde929a3a2b3b86a13e0337c50ba9666cc43cba7ad2eb951cabbcee522066004ed47510e0d8d48d0b83b3cc6dcfcbdfbd03414a6e65975d217e4ce3175b33dc3c7bf7a46a6847b0226d90051f19ab61b29c51a4cc467ae3f4e30617a4bb720df2154736e583ab89684604a5c3231c2e0ca44548dba0a4545428d8df4b5c38a6340345bda4025f363a9e0fc8af48b67dd421c77084c530bd2ff00b0f066c584cd1aa851e7804b0050e179bea3be5d0f57aa8e513680c69d4071ae22dad33605011b44c073c7c37863aee7de824ebecc4a299e841921a00396d6295c0acda826655ab8aa55875b781b29b1321a6cc4bde59229ce64a951156f2f0533293402b60b0578f31cec93650642811c84ccda0008029ce6e1fd86922a5b497030bb335d3aceda4aec5b4b993b17d4d60ab8162c5193ceca662812d50c9315e3e68268ee9dbd730c017fa1e1e41e0dec15cdbb2e470a4b12cb8acccd5af58e8883a92a24040f2c6b03120b5c179ae08bfe99cd8ad518617b4eb89e501c00b184cf7dd795d04101011a4e2d41b406b25c607819eb3d3ed85358ada36daa273457837e5833c27be0be2c1851fbb234d1600b5af96c183060c183060c181852138ad651b7c1bcf7678cb2252eabf788020994ab558d780a5b74302882d3a121fb5f55488c6d60c6255a60b282d0dbf22a54a952a54a83ca8241a297a538f99bc614b7db3376341132eb86354bd02597c71c28a8b8166181209b29b94130250084ac1aeafc1de1ca3681cf86c66f481ab89bf9470e6952d531576046f84346316d44c8e3e6efde9416969522b9ed2b275117b614fb5dc61aef1bf35bca1660aa92086c28eafce7efdfbf7efdfbf7efdfbf7e50b3455490034367527fffda0008010203013f10fd529a0590456bf98e9146bfaafee5ec25795812659330f90f50d42a2a3faeef487554329afa430aea09503c7371ccbb94106b5d78cfb9c4b7a1473145bacfd63d045daca8d7ef103e80e4fe7eb0514d2af8af7888b61e61ecabeb77de2eceddf8902504bb33fc90733b2b7a7f79bbd622d5625777e700938381451fbf386507974fa432b9ea068f3751b4d61bac9d89cc6b8efe268c5767f7dffa8712bc536b7aa73559b87ad0dfefac29fb0e0d2937b39b7328e15e9fbe7b41d1834f3e52b32d1abfe473121871646955f3190d8789999b58ae331809b60dacc4c02d19eb91c4272502368633af3cc11a90da75ad3590bdd662a600eb87b3b4ef28d341add57f11d85a357dba40d0f1a5c141bc7d08ef1d23e85271d7066abadc0baaba35b2f49de38ad122abccad18fde60d51abcff9fe4a5322e7cada9cdfd2006be4012980d5bdc47acdff0050e416737df75d3da58d8913b577dc71420eccf3ff0004bd27aff92fa0f5ff0025f41ebfe412da0f3ff3e5884210842108415af0044a86becdcfc11ed3f044fc11ed3f047b4fc11ed3f047b4fc11ed3f047b4fc11ed3f047b427a48e8e3f5dffda0008010303013f10fd50c331482559e67fb01959872587f6b17430408677f22e5c36f3941ad271142758e11c1bed29d6c7be23c5507578dd7695f5c42b9c6fbaf98393a343007dfeb1f536b9efc5f352e0f31aae7cb93a473628e6e2b4312a5b4789151b9aa816f78bd38e9a3b8efd31708114562ca8176867080f3d6ba3a63993305c0ae4f1d071de2035a6aedfbcd44b4b858774fe2627937dbc472728917d6ef555da163b2d57977d63dbfa8d7b4012a34ea874d0b4bc129b0b7a15caf96bceaa0e637ed038e970fdb5d8ff006193a5bf112562f9e7111dae4941d4797c8dc1731a46ad780bc0777574c02165280a0e0b7cb1730ea954d29ce1e6c9846845f4cb66afde1ac25906f36979d5914efc69b3c95ed1f81b7870ec72f49920ddb2be89e528f1980e9fcc1558014eddff00d9a84b252ca1623c2f49c57d629dbf2069b8d54baa2083e8a958601fbb9c2ac8f78c557acab436677f7ffcd52a04a952a540952a54a95f1b972e5b3333332e66172e5cbf092e5cb972e5cbf0af41eafb4be83d5f697d07abed03ba0f3ff3e58842108421084335e04cc214c9d9b9f843da7e00f69f843da7e10f69f843da7e10f69f843da7e10f69f843da7e10f6855c08e8e1be9f37131fa7ff00ffd9);
INSERT INTO `Descrizione` (`libro`, `testo`, `copertina`) VALUES
(9788838665899, NULL, 0xffd8ffe000104a46494600010100000100010000fffe003b43524541544f523a2067642d6a7065672076312e3020287573696e6720494a47204a50454720763830292c207175616c697479203d2037350affdb004300080606070605080707070909080a0c140d0c0b0b0c1912130f141d1a1f1e1d1a1c1c20242e2720222c231c1c2837292c30313434341f27393d38323c2e333432ffdb0043010909090c0b0c180d0d1832211c213232323232323232323232323232323232323232323232323232323232323232323232323232323232323232323232323232ffc000110800f000ac03012200021101031101ffc4001f0000010501010101010100000000000000000102030405060708090a0bffc400b5100002010303020403050504040000017d01020300041105122131410613516107227114328191a1082342b1c11552d1f02433627282090a161718191a25262728292a3435363738393a434445464748494a535455565758595a636465666768696a737475767778797a838485868788898a92939495969798999aa2a3a4a5a6a7a8a9aab2b3b4b5b6b7b8b9bac2c3c4c5c6c7c8c9cad2d3d4d5d6d7d8d9dae1e2e3e4e5e6e7e8e9eaf1f2f3f4f5f6f7f8f9faffc4001f0100030101010101010101010000000000000102030405060708090a0bffc400b51100020102040403040705040400010277000102031104052131061241510761711322328108144291a1b1c109233352f0156272d10a162434e125f11718191a262728292a35363738393a434445464748494a535455565758595a636465666768696a737475767778797a82838485868788898a92939495969798999aa2a3a4a5a6a7a8a9aab2b3b4b5b6b7b8b9bac2c3c4c5c6c7c8c9cad2d3d4d5d6d7d8d9dae2e3e4e5e6e7e8e9eaf2f3f4f5f6f7f8f9faffda000c03010002110311003f00ccf859f0b3c3fe31f091d4b526b9fb409da3fdd498181d38aee3fe19f3c2047dfbeffbfb47ecfbcfc3d6cffcfdbd7acfd08f7a00f27ff867cf087f7efbfefed1ff000cf9e10fefdf7fdfdaf5827db8f5a696c024e38a00f29ff867cf087f7efbfefed1ff000cf9e10fefdf7fdfdaf57cf3d467d28cf1db3e99a00f28ff00867cf087f7efbfefed1ff0cf9e10fefdf7fdfdaf570411c1ce3d29473401e4ff00f0cf9e10fefdf7fdfda3fe19f3c21fdfbeff00bfb5eb345007937fc33e7843fbf7dff7f6a35f803e1033b217bec000ff00adf5cff857aed565e6f25ffae6bfccd007977fc33e7843fbf7dff7f697fe19f3c21fdfbeff00bfb5eb345007937fc33e7843fbf7dff7f68ff867cf087f7efbfefed7acd1401e4dff000cf9e10fefdf7fdfda3fe19f3c21fdfbeffbfb5eb345007937fc33e7843fbf7dff007f68ff00867cf087f7efbfefed7acd1401e4a7f67df08004efbeff00bfb5e1ff0013bc3363e10f1949a569a6636eb0a382ed93939cff002afb2b15f277c7aff92992ff00d7b47fcda803d5ff0067cff927adff005f6f5eb24e0d7937ecf9ff0024f5bfebedebd671ce68039eb8fed74bf99e0bbb778704246e71f360e013db9e7f0a9e37d5c464b1b5dcc0ed00f00ed1819ef96dd534ba35b4de7062f895f7901b041c11907f1a8d341b68ee22984d7198d42a83271c124123b9e4d0036edf5311da48b2408aa3f7c18e32c46001ed922ab96d7f6471b4969182ac0c85b2c5f276803a74c77ab0fe1eb5974f86c5e6b868e293ccdc5fe62739e4fa6474a962d16da2b78a11e63089da44677248627ae7f97a5003b4f9ef0accb7e61594484aac6dc88c9e09f7abfe7464e04884fa0615930f87ad207570f3b305084b48492010467d7a54cba25ac720752e48e796ebc93fd6803481dc01ec47e34faa9696c967118d5998162d963920939c67d2acef5f5a0075575ff8fd97fdc5fe66a6c8a81483792f23ee28ebee6802cd14dde077e0f7a4dea3a9c7d6801f453772e71919f4a4dca781d7bfb5003e8a6ef5c139181d68dc31d6801d453770ce3340604e3b8ed400eaf93be3d7fc94c97febda3fe6d5f5866be4ff008f5ff25325ff00af68ff009b5007abfecf9ff24f5bfebedebd6abc97f67cff00927adff5f6f5eb540051451400514514009552f90c96e46f55c10724f156eaa5f08dadc894e13d47af6a89bb45b13d8a32db936d1013a8f9891c9c73e9f4a7cf6ec6e21ff4800e00193ce4771515c25a9d3a302628392188cf3deaa34513c767baf496dc46e0bc907b73e959a9d9d8ca4add0bcb6c46a323f9cb9209c0272320d5182dbcbfb786bc45531a8241380727939aabe7c525cde8b4badee036e93a2264fa9ea474c0c553feca8253691cfa93c8cc14b00a406e4f500e463dc9ae984ae67cdfd5cbd2bda2696226d409ccbb86d52c3bf1c0cfbd57babdb0cda21bebb628a00c5b3f273d791f87e14e7b6890ea4c971379641d81210029dc31838eb9e3e99a82789c5ae981aeef198925882090091c74e9c5744537d4ae6e868bc96dfdb90cad7f20762301908cf1d3278a4b4b6517b7aaba8664646e4039c1eff855492d4cbaa6a51cb35db0309280a0213d48e3af5c563bd95b269da74916b33db3f98cacf2464873919073cfa77ee69a8e9bfe05a67416f6457459c0bf8f6975c104e063191eb52cd69ff12db25fb747852707270738e9deb0a16b44d475682e75458709c288cec04f20824e0e3a6073ef53186d0e99a683aa1c6f6019a3c1e48cfd3a0ebeb4a4bbfe47453577b9bf3db1fb75a9fb6a0f914004f240c74fad4d04046b1237da158e49db939c71c564aa591d76467bfde0380230bd307819fafa568da8b1fedc6f2e5733649da4719c0cd62d1b37cba5fa1bff008f7af943e3d7fc94c97febda3fe6d5f57f719f4af943e3d7fc94c97febda3fe6d599cc7abfecf9ff0024f5bfebedebd6abc97f67cff927adff005f6f5eb540051451400514514009552f5d52dc968c38c818271f8d5caab765c404c6a0b7a119a8a9f031a576509e447b14096a1c9242a1e848f7fd7f0ac6bc77beb78a14b7582d90112cc14920f700761d326b4f539a736715bac821926620b81f714753edc7ea6a130c7059db470df2aaa821490486ef93cf3ef9ae19cadd7a792ec29434332dbca02cd57508cacb1befc44479980707a76c5416b3309f4e0baa2100b0188892c013e838c55f86721ac8fdbacc8092120463ae0e0fb5411197ce8d44ca58444a388c2ab1627240c670001d0f7abc357bafebb2f3670ce9b4f5fd7cbcccf8c5cbc760afaa3cc5ee247980849dca013c838ce00c5575376d069724f7d310d78e17112e7cbe30304f4eb5a5713086d5199cacf2a08e24209611e3058018e4ff005aafe2080c2da7dbc693e2dd4306117049e4907b9e9915eb53c445e8ff00adce772708ddf4b7f5bf914ae0de4333cef7f209adf5311c8fe50044449001209e3903155a5bbb8b5b6b98e5d7884fed2555f36d9c8504671c8c60f15b1aaa4105f4771333456da8423cef3508f2cf1862738041c1e476aa738bb55996691c336c19203066524ab2e4104303d876ae98494b63a2155295bb15ef1eda65d5e47d6202ed7ab0313037dd2465338e3f952c128b1d5e4d3e358f52b78a6510a3464180900904918c9edcf6a96eaf648a1bdf3755b180c9770ca167b501955883823b904e334fba097baade4736bf6b1a2dc4785863da41c71920f27d33eb52e2effd7f91eac2baf66d5bfad0dbf3c26b9299b450abbd7f7b8033923073dcf7abf69756d26bd2c6967b5f27f780f39c0e48ec7fc2b1b4d9ee46bf7006a5f6b9e3942bdb95382a48f98738181cf15b76b2ea1fdbaeb25b8109c82e13000e3073dc9e7afa573c969f23273b9d0e3f9d7c9ff1ebfe4a64bff5ed1ff36afabfd08e6be50f8f5ff25325ff00af68ff009b56049eaffb3e7fc93d6ffafb7af5aaf25fd9f3fe49eb7fd7dbd7ad500145145001451450031982fde200f5271556edc3424248aa7a9248e9524d6b1dca6d994b0ce7a91fc8d50bcd2ac05b92e8517a93bdb9f6eb59d5f81950f891570659a69d8c73ac4a62540dd71d73f88a76e710a15b786209113b9d86d524f3f8702a95b69b603494947eea4910b925d80c92093d694e9d6061e65566f281c3bb6d3c9e4f3d2bcea9a4be5dd7fc39ba8dd7fc38df3488a1cdc5be7cb3810a062724000671d8d56654379e4dd3b234e000118172a3390c73c0e9c76a586ced5ed90b496b0828a498d9890383c73d69905b6856b7f29f2a595e2b5f337b3360824e475ea78ac30f2eefb6ff002f37d3d0c3134f964258ea72deebb0ada5bdbac2a42862a09083b67b7038f7aa9ae5e6a6baacaad2c888adfbb08d85c76e9dfdeafe853e9d7572d6ff00608edd9816531b10081d41e78e2a86a1ac466e0a5a5ac5e42b1505c92588382739e95dd1a91f669b96ecf36a28ba7acba975ae75293c2a659a28e5915c83e7286253a720f53efe959c2e6c6f6d23b8908b49d5becee2250d111d4165cf001cf3db35b7617ba7dde93717535b00f0290e818807d3033deb2addf44bdd2f504b9d3161444121589882c33eb9eb5db4aad9a699134ae9a974ebe5e7d0a5705edade449e6487257fd72896072181241192071c0c62a78a5b89f51d59106937c81a37f2e1003ae00e4e700fb73daa0bdd374f88c8fa7ea51c236876b7bb25906e19e32703ad32d74cb49afaf1e7b9d3adc614a4966c72d91c86c1e9c0c7e35e8a6a51bff5d0de94fa7f97f99a1b58f8aa4952c16c4bed06e0be01390707dc8e2ba1b78eec6bad2b5da34249257cd078c0c003f3fceb98b9d274f926b869b53f362448e411876c8208e4e4e7a56e5be8fa51d6b72cc4b1504461db9c81df3fe73584f4fb8e84cea04a98c0751ff0215f297c7860df12e6c76b68c7ead5f517f65599047904724f0e7fc6be5cf8e10247f126755538fb3c7fd6b98d0f59fd9f3fe49eb7fd7dbd7ad5792fecf9ff0024f5bfebedebd6a800a28a2800a28a2800acfd51e25b3732825718007af6ad0acfd4a468ad59963127a83d00f535153e065d3f8d18f04b6efa2446381e43f670029e09c601a76f436c41b311b79208121217393c31ec3fc6a15b966d30c5215b52bb904a06005ce463ea063f1a4cccf631aaddc174248194c721c0908e809ec39af3e69397fc05ff000e76c57bbaf7f3ff008623b2894da46d259dbb8112ff00a8704f61c0a5b6b4b0bbbe996291e3796dbcb11b8c6304e49fcc565d94737d9acb1a72c6de513badae3254820f00e41181deb4f28f7de74bbc98154978c0dd839c8603b74e98ae4b7b3926e2ade9fad974f50c5d2bddafebf163f43d05ad2f9a796689c22950b19cf278e7d38acdd47c377d15ec8d6d179b1b365583018cf622add8d85ed8eb48f6ae1ede56dc70d9cc64e4120f71506b6fab7f694858cfe586c45e4e4291818fa9eb5a45c2347583567fd6bd8f16ad38a859a34f4ef0f35be8f756f3b0135c024e0e707a8fd6b2ed74582c34fbd96f2ee20aca230d0fcc5493d71dc9f4abf27f6b9f0d049188959b6b33b052133d73f4aa1069f6d6d6915bcced3485fcf744601001c0c9aee8ca29ab2e9d4c6a423a5a3b2ea43776f672875b3d2fed98511b4d33048fe518eff4a8acd21b7bebd5b9d2ecd810a552c9812703ab639ef57ae627b9849680dc212b940fe5c432c01231cb7049eb4d82d65b6d475331c367620b22f9aadb99863a904f1f4af5a954f72c670567a7f5f87ea4774903bdda4da51814c48be70cf53800722b6ed5ec8eb4a16397ce1185049180401db3f4acbbc128d5843fda22e7cd9554dbf7014824fb72315b504ee75b78fec88a00dbbc2fcc00039cf4ef44ddfeeee76c4dde78f4c57ca1f1ebfe4a64bff5ed1ff36afac31fcebe4ff8f5ff0025325ffaf68ff9b5729b9eaffb3e7fc93d6ffafb7af5aaf25fd9f3fe49eb7fd7dbd7ad5001451450014514500159fa9fda0da9fb39c4991df040ef5a1599abc7e6d930337920107713807daa27f0b2a9fc68c1d53ed36d68935c5badcc32aed78fb961ca9e3d8556b878ce93678d1198bc6e04658a819ec491c03ea7156f52b50fe1e543a9a400024484f7ea30739c83c563c9713cda3dac13ea2973208d8342afb7ed0bd0007ae7b1f4ae29abebe4bb791e8d17b2f37dd772ae9b68d8d1d4e876e83c8955b174a76e411b7af20fad6869ed3a185becad1c924648412ac817692300e7b83d3dab034f82247d200f0eccbe45bcc25cdd3623e08c1e7bd5bd2a124e9057429d14994ffc7c30da33c13cf43ce2b39422ff00af4f23baaabefe7ffb73fe63a39122b9892455dd22aef8dc12a4a6338247248fe946a7bae8da4cb34ea2550bb524c0041ed9ef59d642e2286c08d32eadf12c8241e66edaa49e0920f1cf157ad8ce2ded03da48a3ed2c0648271c60f23815c128b49a5d6dfa7979b5f2382ae160effe6bcfcfc89ef608ee2ed62955a486d2201cb393bfdbdce69ae25cb9285d94a82000304f4001c0e07279e7229ebbcee4f2262ed74032e4676e7393c74a6cd0ef82466d3e520dc820f9c4647af5ad6359ddbff3ff002f43ceab86e5d88ae6d99e3b93258acc45c46b97b800b004004fa1f6ef4cfb2a26ad76e749562d2a10c92649207420703af7f4a7dc451b0bd53a7331fb52b11e69c9008e47b5452b39d5268ecd5ad5ee1d7f7a5890540e4819c679c57ab46bdf4febaf923ce953f7bfe1bcfc8b168be7f89ee6782cf604631f9c72431ce4900f073c80456c44b7ff00da84bb1f279c8e318e31c67af5e6aadbc052fcc2ba8031c780101e4608e0fa1ab71db63547916e17209257249e71c633ed5d6a573a20ff00335bb81f8d7ca1f1ebfe4a64bff5ed1ff36afabf18c62be50f8f5ff25325ff00af68ff009b549d07abfecf9ff24f5bfebedebd6abc97f67cff00927adff5f6f5eb5400514514005145140077ac9d77ecdfd9adf696658f23054739ed5addeb235c9a3874f6696113ae40d84e013eb9a99fc2cba5f1a303516d363f0fc6e91493800ed8c9c127a6491d003cfe1595706ce4b1d147f6448ae1898d8312d1924671ea0f70715b535edb26936ac2c06d2c70a49c2919ce0f7cf4c7bd59b8bcb65bdb553660e514a9248c673c0fa7f5ae495bbae87a11935a59bd5f5f2f53123d42d92f7564bad29925c10ce1c9594e474240c73cfe15623b8836e9c574e700818c31ca8c9e3ffd78ad61736d36a7345259a9c821893924804f4edd3ad52b609beedada331aac6b98dc965ea7a1ce41fc6a1c537bfe1f3ec2551a5b3e9d7caddc9a39499751416f38519230c70483d7d3df8a9bcedf6f64c62b839c8391ce41eff9d4497930b0dcd68c06f2a0c73677679ef9a7bea737ee89d3ee8640006e18ebf4acdc347aff004d90e5fddfead62d6737172de5cd9d87af00fa544c6336f6c4dabb0c9f9493edc9ff00ebd48f3dd3deaaadb6c6c024bc9903f018cd356d84f2cad732bb800e6342550fd31cfeb4726b6e6eafa79dcc25aad8a92dda4b7579159d979929043485be41e849f5efc669b1416d6f656c05917776259db86639193eff008fa56ac4f0c762ca96eab1a90080700fe34b2cd17d9a026df209381bb3835a47bdff000f33967129a7d98ead22bdab21dc0872723ae46076cd5d885b1d4dc82fe612490460678a259a3fb4c41adc162060e7914f8658cea0cbe4857c9f9b39f4aeb8be97334ac69fe15f27fc7aff0092992ffd7b47fcdabeaff4fad7ca1f1ebfe4a64bff005ed1ff0036ad4d8f57fd9f3fe49eb7fd7dbd7ac1c67f0fd2bc9ff67cff00927adff5f6f5eb046411ed401cf7887c63a1f860c71ea97c239a5e6381119dd877c0504fe357746d66d35cd362d42c65f32da5c9462a549c1208218020820e78af2ed6af2df44f8a3addc6a73db595cddd8a2e95777c9be252b8dc067804918e2b979bc4bae78823d285f4d6d05b3453985d2e3ec70bcaac46e24752300819c1cf4a00fa2f07231f993cd28395e3273e8315e0baaea135cddc76be2ad7e5b14b5d0d67b39adae36adccf8077023ef1cf6ef9acc173ad6b5a3f88752d4758d42dee34fd3a0ba48e294a8326582923dc28240f5e6803e8dc1c72324f51daa8ea77f65a6e9f2dd6a332436b181e63c80e07d7d6bc2efaf75ad0a4d50596af7d7325ce8b0de4e65932632ce81d94630a30c7a0e01aa9a8da4f73e01d69e4d4566b3b6104f0dbdbea1f6931b36431909c920800e0f00e6803e8399a25b3697ca324688640a06490064003d7d2abe957d16ad616f7eb6b3402404aa5c47b5d3048208edd38af2ad3ac56ebc49ab2daeb77d258e95a5453db225c12b23984fccc7be339c0c738ae6f50d7e4baf08e950c979731dfdae9cf742ea4bc68cb9695800a011e611b4f073818a5603e8808bbcb6d0188c6473c531218bcc7654019b018e319c7233ebd6bcdfc53ac07f87be1e37ccef2ea46053309cc08ac57716761821700f008e71cd719a45eea5abc3e19d264d66f2381f53bab3696298ef68c2a10a49ce792704e4e08a7619efbb176ecda02e33edf435cf6a5e2ab0d3b5a9b4892dae26bb8ac8deec8630dba3048c019c92483c578f9d5d86823c3d797574cd1ea17696f7735db461563df80cc082c781819f4eb51d8eaf7b729fda12ddc86f57c2f21f38310e36cac0127ae718a5603dc175db02906ef312f27b5372968cbfbe28064820771d319ebc55ad27518f56d361be8e09e049413b274d8eb8246083d3a57885ddac03c4ba15fde6a7730cf71e1bf3d6669ca86944780149e467a91dcd3e0d47fb47fe110b3f11eb57763a3cd6124c6e04e53ceb81210159fe80707ae68b01ef3b405c6d18f4c71d697602a030071d3bd7837fc24824f1ee9f7fa55dcd189356366d0cb785da58c654b18cf0aa7a838cf4e6bdf0631c74a2c21a514e095191d3348154367001c6322a4c5145802be4ef8f5ff0025325ffaf68ff9b57d635f277c7aff0092992ffd7b47fcda981eaffb3e7fc93d6ffafb7af59c66bc9bf67cff00927adff5f6f5eb24814014ef74db2d46311dedac3708a7216450c01fc6a09742d2e5b35b37d3ad9ad95b72c4620541f503d6b4f3f95207538c11cf4f7a00a371a4e9f72b0adc59dbcab010620f183e5e060633d29efa759c9e717b6858cca124ca0f9d47407d40ab991903d69370edcf19e2802b0b2b5121905bc7bca7979da33b7fbbf4f6a861d1b4db7b796de1b1b78e19f3e6c6b180af9eb91deafee1ebdb34b914014a0d32cad90ac16b0c4a504642201951d07d3daa2fec5d318441ec2d9bc952b18310f90139207a0279c568ee04669a4e41c75e99c743401937474598ae9574f6723aa865b47652405e72149ce0019f6029b6f2682e1a7b696c196da4cb491ba91131001c907824003f0af1d6b29917c57a6b585e0f174f3cef6d75b1b0f0024908fd002a08007722a8de5a437ba56a72786749beb5b24d1d61bc568d944971b8e300f2587249ebc8a00f714b4d0efda48634b19da290c9222ed62921ea480720f5eb498d152e24b241666e9223badc15de539382339c139e0d709e14d11343f8978b4b69a0b69b458de6725886972b9249279eb9cd73da3695763c6860d46ea6b6d562d5249d48b3666b842a3199738d8400318c020fad007a0e85ade89e21d022d5352b3b1b38e0b892da1170ca02ed62a0293819207415b77d1683f64105f0d3c5b440308e62a15013c1c138193d0d7858d36fe2b1d326be8a48748f36f626125ab4cb1c8eed86318209241e1bb122b522f0b47a8ea770978979a8dac5e1f0d0cd2232091c33ed2541fbc3a0073c62803d8522d11af244892c7ed236cae14aef007218e0e40c608356a0d5f4e9e079a2bfb592246d8ce932950de84e700fb57809f0cea7069da1be936d7716a37da0ca6ee425b323004ed249c838180063b62966d2dae7c1fa9be9ef70f23adac73594564d0ec70cd9639272c32724609e0d007b7eabe2cd1f47d22eb539af22920b5f964113ab36ece36800f5cf6a4b1d725bdd662b786d91ac25b4170b7427539627eeed049e077e95e3de27f07456ba878a2cf4dd36630269905c4606e60650cbb9864f2c4673f535d4784a2864f8816373a7d9cd0e9c7415552c8ca15b772a72700e727d6803d66be4ef8f5ff25325ff00af68ff009b57d635f277c7aff92992ff00d7b47fcda803d5ff0067cff927adff005f6f5eafd09f4c7e66bca3f67cff00927adff5f6f5eaec32303ae0e28038af1a78eb4af0edbddd9b5f2c7aaadb3cd1218cb05201db920103271d719a8fc1be22bed66fe14bcd46de495b4d86e24b4584864662c0b6ec608381c03dab03c5be16f11bf8975e9b4bd32dafedb5ab15804d33806dca8c74239cf6f4383dab4bc17e18d5b49f1335e5edba4718d22ded810f91e6296c8e3d0119fad006fbf8d7487d626d1a39e44d417cc541242caaccaa49c31001e87806b0bc3ff116d62f0ae9f7fe24bc54bbbdb8962884719c90ae4670012000064f4ac0ff008443c597be2882faf6d99dedb529653726e4053132b050898c0c64024e49aad0f8635af0eae85a8b45a6b5d5b0ba8a4b5bd9d4288ddd98382782403d2803be9be23f8621b68ae4ea2648a6665430c2cfc29c3390012141ee78ac497e24dae95e31d5adb57be45d312de092d3ca88bb1dd9258900f18c1f6cd79e681e0ed4f51d22db59b4b59afad2e12e2da48ed2e05b900b70416041420118c771cd74d79e12f11699a86a73699a141796977a6c5648934c0bc5c1c9c91c819e71d78a00efdfc73e1d8f514d3c6a01ee2555911238d9b72952c0e403c103afad4fa1f8bb46f10dcdc5b585cbb5c41cbc72c2d1b00490080c012383c8e2b88d07c11aee8e754302c0b7a34882d6d2edb0d89950060011c0c8233d2a5f0378675bb0f161d5f51b192de392c0432996e448e650c493c018539c80300734012ffc263a936b3addbcda9dada4167abc3690b49016dcadd506012589e32702b7adbe22f8527d46db4f8b5346b9ba94c6aa23600c80904138c03c7735c96a1e0ad76e355d5278ad2368ee35db7bc8dbcc00344a396c7623d2a18bc03aba784aded3ec10adf2eb86ea56523718893f306c67a1e9401deda78cf42bfd6a4d2a0bc2d77196427cb60a5973b95588c311839009e955a3f883e1a9c5f30bd74fb12192632c0e8428382ca08048c8ea38ae1f42f01eafa76abe4cd6975bed26b89acefc5d2984332b6c631e33b89201c9c1c9e2b2ee3c07e2cd4219259ec71752584d6b2b4b7418cb21604118002a91d0638c1a00f489be24f85920132ea0d22172aa12076240ce5800a4ed183f3631ef5d65bdc43776f1dcdb48b2452a828e9c820f435e4be24f01ea3f6bd1ef6db4e7b8821d37ec77369693881d588c121b04107904639cd7a478674d1a47876c6c16278560880f29dc3326493824000e33e9401ac463a0edd71d0fad2602ff000e0753c63f975353514011e030c93ee78ea28400606d0303a01802a4a2800af93be3d7fc94c97febda3fe6d5f58d7c9df1ebfe4a64bff5ed1ff36a00f51f80d7505bfc3f7124814fda9fb1af51fed1b4ff009ea3d7a1ff000af32f8051a3fc3f72c8ac7ed6fd4035ea9e545ff3cd38f6159c94efa35fd7ccb4e1d532bff68da727cd5c9ea707fc28fed1b4cffae5cf5eff00e158377e2bb3b3ba96dce9ecc626da5b00027db8a87fe135b3ff00a06b7e9fe15c32c7d28bb39afb99d91c055924d41fde8e9bfb46d3fe7b2fe47fc2b2f57d3bc3be208a34d5ed6daf12225904c9b82938c9191df02b37fe136b4ffa06bfe43fc293fe135b2ffa0637e43fc297f68d1ff9f8bee657f67d6fe47f7a3a0b69f4db2b68edad7cb8e18942a468a40503a0000a9bfb46d33feb573f43fe15cd7fc26b67ff0040d6fd3fc28ff84dad3fe818ff00a7f851fda347f9d7dcc5fd9f5bf91fde8e906a168063cd5c6318c1ff000a5fed1b41ff002d57f23fe15ccffc26b69ff40d7fc87f852ffc26767ff40e7fc87f851fda147fe7e2fb987f67d6fe47f7a3a5fed1b4ff009eabcfb1ff000a3fb46d3fe7aaf5cf43fe15cd7fc26b69ff0040d7fc87f851ff0009ada7fd035ff21fe147f6851ff9f8bee61fd9f5bf91fde8e97fb46d3fe7aafe47fc28fed1b4ef32fe47fc2b9aff0084d6d3fe81aff90ff0a3fe135b4ffa06bfe43fc28fed0a3ff3f17dcc3fb3eb7f23fbd1d37f68daff00cf65fc8ff8537fb42d063f7a831d383c7e95ce7fc26b69ff0040c7fc87f851ff0009ada7fd031ff21fe147f6851fe75f730fecfadfc8fef474bfda56dff3d87e47fc28fed2b6ff009ec3f23fe15ccffc26b69ff40d7fc87f851ff09ada7fd035ff0021fe147f6851ff009f8bee61fd9f5bf91fde8e9bfb4adbfe7b0fc8ff00851fda56dff3d87e47fc2b99ff0084d6d3fe81aff90ff0a3fe135b4ffa06bfe43fc28fed0a3ff3f17dcc3fb3eb7f23fbd1d2ff0069daff00cf71faff00857cbdf1bdd25f8913b2b123ecf1f6fad7be1f1a59e39d39f1f87f857cf7f176f21d4fc7935ca466353022ed27d335be1f174eacad1927f26675307529af7a2d7cd1ebdfb3e7fc93d6ff00afb7af5720ee2783ed5e51fb3e7fc93d6ffafb7af593d7bfe15d8719c5dde97a14baa4c279a78e779082324027049c63b0009e6a36d1bc3888acd77300c401f31c9c92076ef8aeb9ed2dde42ed1217dd9dc54139c63f9123f1a0da5b7fcf08ce31d541e9cf1f9d723c0e1dbbb823a56331115653671eba2f879a730fda6604b88d4973866209c0f718ef8a57d13c3a92347f699d9d65f259431cab601c1cfb11f9d75bf60b5de1bc88b707df9da386c1191e8793435ac258b18632776fcedc65ba673f4c7e547d430dfc88afaf627f9d9c90d0f40209335c2e00ce58f1c138fc8523e8de1c8ca87bc99433055249c124640181ee2bb0fb1db8276c098639391dfa7f22683676ed806088e08232808047423de8fa861bf9107d7b13fcecc2ff0084234cfefdc03ff5d0d2ff00c211a6ff007a7ffbecd74bde968fa861bf910bebd89fe76733ff0008469bfde9ff00efb347fc211a6ff7a7ff00becd74d451f50c37f220faf627f9d9ccff00c211a6ff007a7ffbecd1ff0008469bfde9ff00efb35d35147d430dfc883ebd89fe76731ff08469a392f3ff00dfc349ff00085699ff003d2e3fefb35d3372a40ae12e3e21a5b6b93e9b2e9cca20ba1134c651b4465412f8c7ae4628fa861bf9107d7b13fcecd53e08d347f1dc7fdf74bff0846983f8ee3fefb359d71f106d239d7c981bc8558de59676f2c857200214f273918e6accbf10b408a2b792492e1239d0ba93091800e327d3a51f50c37f221fd7b13fcec9cf8274c1d5ee3fefe74a3fe109d309fbf719ff007cd55bcf881a4c5a7c779017915e68e220a9041620671df19e47b56541f13ede7bbb48134f7cce33cc9cafcc473ebd33ed47d430dfc883ebd89fe766f7fc215a69070f3e7ddcf7af9cbe3159c3a4f8fe5b68cb32f911b673eb9afacf9fcff4af94be3cff00c94b97febda3fe6d5a53c2d1a72bc22932278aad35efcae7abfecf9ff24f5bfebedebd6abc97f67cff00927adff5f6f5eb39c76adce716909e3a1fc2b9ed71ee96eed96db5886c8e37344e016900619c03ed91c7722b2ad8de5e5cdbb2789a29a47b8678d3685dd18c02a17a9c6083ef9a00ebdae218c8569154b700120126aac7ac69d2df9b04bd81eef69630ab82d81d4902b98935cd38eab72da83a259a48d6f0de1c856901f993ae03020818e4d5ad2349b29b5a6d5c40229e28845045b76c81093967cf39627bf40050075c08c0a5cd45b49c714e0a79e3b71400ec8a5a8f6b63a51b4f3c751401266901cd3361c1e39a5da793df3400fcd19a8ca9e3f5a50bc8c8e28014e31d07e359cfa369724cf23d942ceff789519357f69cf4a36118e3b50063bf86f45748e36d32d596324a298c6064f39f5c939c52c9e1ad1252164d32d5942796a0a0e067247e78ad6d87d29761e30280339345d2d2dfcb5b1b711f9826c08c01bc1c86c7ae79aaff00f08d6889309934bb5120c61c46011824fa7a93f9d6c8520e714152727140029ce79e0631dabe52f8f5ff0025325ffaf68ff9b57d60071d315f27fc7aff0092992ffd7b47fcda803d5ff67cff00927adff5f6f5eb58af9d7e12fc4df0cf843c22da76af71711dc9b867db1c05860f4e4577dff0be7c09ff003f977ff80ad401dfdd699657734735c5ba492460842c32541eb8a8e2d1f4e82759e2b489254042b818201eb835c1ff00c2f9f027fcfeddff00e02b51ff000be7c09ff3fb77ff0080ad401d4d87827c3da6dddcdcc1a74665b8666767f9b1b8e4819e80fa0ad982ce2b550b12e30028c9ce00e83e833c0af3dff85f3e04ff009fdbbffc056a3fe17cf813fe7f6eff00f015a803d368af32ff0085f3e04ff9fdbbff00c056a3fe17cf813fe7f6efff00015a803d368af32ff85f3e04ff009fdbbffc056a3fe17cf813fe7f6eff00f015a803d368af32ff0085f3e04ff9fdbbff00c056a3fe17cf813fe7f6efff00015a803d368af32ff85f3e04ff009fdbbffc056a3fe17cf813fe7f6eff00f015a803d368af32ff0085f3e04ff9fdbbff00c056a3fe17cf813fe7f6efff00015a803d368af32ff85f3e04ff009fdbbffc056a3fe17cf813fe7f6eff00f015a803d368af32ff0085f3e04ff9fdbbff00c056a3fe17cf813fe7f6efff00015a803d36be4ef8f5ff0025325ffaf68ff9b57b27fc2f9f027fcfeddffe02b5783fc54f10e9de2bf1acba9e952bc96ad0a206642a4919cf1f8d007fffd9);
INSERT INTO `Descrizione` (`libro`, `testo`, `copertina`) VALUES
(9788838668005, NULL, 0xffd8ffe000104a46494600010101004800480000ffdb0043000604040405040605050609060506090b080606080b0c0a0a0b0a0a0c100c0c0c0c0c0c100c0e0f100f0e0c1313141413131c1b1b1b1c20202020202020202020ffdb0043010707070d0c0d181010181a1511151a20202020202020202020202020202020202020202020202020202020202020202020202020202020202020202020202020ffc0001108014000e003011100021101031101ffc4001c0001000301010101010000000000000000000506070403020801ffc4005710000103020303050a0b04050907050000010203040005061112071321081422314118323751568494a4b5d415162342545561718191d31752a1d224334392c1346272748293b1b3d125353653b2e1e22744647383ffc4001a010100030101010000000000000000000000010203040506ffc400341101000103000805040104010500000000000102031104122131515291d1141541a1e11322617105324281b1f023436282f1ffda000c03010002110311003f0095d836c1b6518ab65163bf5fac7cf2ed339d73993cea637ab7731e691d069e420648401c0505ff00b973615e4cfaf5c3de281dcb9b0af267d7ae1ef140ee5cd857933ebd70f78a0772e6c2bc99f5eb87bc503b973615e4cfaf5c3de281dcb9b0af267d7ae1ef140ee5cd857933ebd70f78a0772e6c2bc99f5eb87bc503b973615e4cfaf5c3de281dcb9b0af267d7ae1ef140ee5cd857933ebd70f78a0772e6c2bc99f5eb87bc503b973615e4cfaf5c3de281dcb9b0af267d7ae1ef140ee5cd857933ebd70f78a0772e6c2bc99f5eb87bc503b973615e4cfaf5c3de281dcb9b0af267d7ae1ef140ee5cd857933ebd70f78a0772e6c2bc99f5eb87bc503b973615e4cfaf5c3de281dcb9b0af267d7ae1ef140ee5cd857933ebd70f78a0772e6c2bc99f5eb87bc503b973615e4cfaf5c3de281dcb9b0af267d7ae1ef14140dbcec1b6518576517cbf586c7cceed0f9af3693cea639a779319697d075e5a0e68591c4505ff0092e780ac33e7ded09141aad028140a05028140a05028140a05028140a05028140a05028140a0502832ae547e02b13798fb423d0392e780ac33e7ded09141aad028140a05028140a05028140a05028140a05028140a05028140a0502832ae547e02b13798fb423d0392e780ac33e7ded09141a6dc39c73093cdb3e73ba5ee72cb3d7a4e9cb3e1d7414ab648da059edf876249657779335e6fe16795911159506d2b0a7334a8a9254a73329cbad3e2a0e86ee9b417e34690ab686a4b321fd7141084388101d5210b254be8897a50160f4b20ac80341d732e18bdec16f38cc25a6fcf95311d2ca5085a52b734264e8796508525bf94d0a59e3c33a08a6aedb43662477a54571b29b5ba97a388c994e7c22cbc1097145a7500871be984a7875f1a0eb7ef7b42e79223c7b632584c588a8b3168706f1e75c692f28b5a869084add25057a8691d79d04a61e93895e9ef7c2f1f74da23a5295a7a285ba89521b2a4a352f4eb650d2f2cce5ab2ce82c140a05028140a086c24f3cf5a16b796a717cf6e09d4b25474a273c948ccf6048007d9413340a05028140a05028140a0502832ae547e02b13798fb423d0392e780ac33e7ded09141a93c145a584a8a545274a939120e5d633e1f9d050a37ed2a2c086a8e853eb6edd35063492d92ecd43a39abafba56e2db2eb799284a8a527878a83e947692dc69b74292f4d55b22b70edcde84b4996a79cdfb9928f1296c364823ec4d075b73369875beb871fa6c90885d1010f084db8145cde12ace5971bcbc5f9d076cbf8d52309b6a5214ddcf789329b674b6fae2a5ee986fa452dbeb63c4bc82b80576d047bd2b68624c98f6e88966dc2345f835d9477d235adc683a5ecd601521b2ee60a8e79278f134163b226ea17711701d1e767992b3cf531ba6f256599d39af570a093a05028140a05041e0dffb957febf72f683f413940a05028140a05028140a0502832ae547e02b13798fb423d0392e780ac33e7ded09141a6dc11217024a239ca429a586483a4eb293a78f671a0a444b1ed02d1608ecc093cfae4982e970c97090894b5450108deadd2ac9087940ad446a3d61272a0ef52768e214b70b8d2a5698696196d2c8fec90662d1ac91af78541216ad395074dd6d388ae1270cad6ea59111cdfded2d2dd4b4a5067bd48438d294379deeacc0ed49a0e1ffea625bb035f26eb8ea9471049cd848692be1a5b465c4b60e69209cf2e39d073329dad371633414cb8a6eceb4bef3fb92eaeea10a009dd94a02779a4a721914e7ab234123293b41627ca5465226c24b2a6e2b6adcb4b5b898c82977565c14a91a864469cbb2838edd13688eaedb26e41297f7715170690e80dea6e5385e504a55a751634e79703d54179a05028140a083c1bff0072affd7ee5ed07e82728140a05028140a05028140a050655ca8fc05626f31f6847a0725cf015867cfbda12283527d3a98713994e6923524e4470eb07b0d06796fb763666db6f55ae7b7ad36d9d1e3b2a7db759549dea5515f7f82cb8e6ec1de142b2d5d9950742acfb424479b734c8dfdf1db6448b1992b6db65b7c3ce2a42d28c969d5a0b7f3b25107a86541d498db4b4a1721c9b1c3aa64a370437b86d621379383a1af3e781ceb565a7b283d6ef63c4979c250e03f20227aa532e4a7b57ff006c891af256ef7695ab7590569c924f570a0e247c759171910ecd7265cb2478f123b3377ccc892569759df3aacd0725a98df67a8104e4450795e216d1e4dc6494b81a86cce65db5b71df650fa99432fa1de2e20a0e654d2b4ad27239fd8683be5b1b4bd337752182be620452d86c279de86bbd0e0cc7ca07b32a246929c8660d07c5ead58f26beadc4b3194cbe9910dc656d6ec2043753bb29520a964c950d7ac6929c88008a0b058e3dddb76e0e5cb466fbad2d80d9cc0022b2873eef964af2fb282568140a083c1bff72aff00d7ee5ed07e82728140a05028140a05028140a050655ca8fc05626f31f6847a0725cf015867cfbda122834db84632a0498c92125f696d851e206b4919ff001a0a55af67575b65a635be1ddb7463264044909e992fc643493c3481bb5a0e5901d1cbb78d0755c30ae2b7a0ce661dc9119f951a3b51dc2ec95f362de90e21bcd5c73d2541d574f3391e141e373c0f8926d925c35de54f4998a4ef8ad6f21b28e6498e5392159a407b53da539051e0aa098b061fbbdbae6fbd22e264412ca1a622f4b4a74a523bd274a746939691c7574ba85046ab02dc63c17a3da27a2dcb7ee322738b6105acd0f9568074692a2c9505007a2a2323c283d64e0cba3ab43e8ba2d32d0f5c9e4c8515ad4813730ca5bd44e80cb7a539278768e341f31f0962343f05f5de9c498813f201c796de45e5adc41d6af951ba506d2a733570ce82530759af368b3f34bc5c977599bd5acca59f9aaea0382721c33cb8e59f5e5413940a05079f398fff009a8fef0a083c1d2238b32f3751fe5f71f9c3e9efd04fa54950cd27307a88a0fed028140a05028140a050281419572a3f01589bcc7da11e81c973c05619f3ef6848a0d568140a05028140a05028232ff896cd618a245ce406b7874c76139adf7dcec6d86939adc59fdd48a08732f1e5e4810e2b786a09199933b44a9aacc747447697b96fed2b7147b34d07a8c056d78ebbb4eb85ddde91ce54a5a5bcd590e0c47dc30380e192283adac0f831a6d2da2c36f08400948e6acf50e03e6d044612c25851db42d6ed9602d5cfae09ccc564f04ce79291def50032141dcbd9ee170a2b84c3b6b70a94ad76e7de899158c95d16549471cf3cb4f5f1eba0f155b71e5ac155bae6cdf1840e10ee880c482065d112e3242333d2ef983d9c7b683aecf8ca04e9df054c61eb4def4957c1b35212b5a5196a5b0e24a9a7d033eb6d472edca827e8140a05028140a0502832ae547e02b13798fb423d0392e780ac33e7ded09141aad0283f3e624c4f89dbc43746d9bc4c69b6e5be86db4bcb09094b8400003c3215b6ab3d646a31463159c85ea6fdfce1ccbfe351aa6b3b59c498a53c55799ab3f6bee65ff1ab6ac32aae4bad18a312f6dd65ff00be5ffd6a710ce6b949377f9eeb242af1390af1979ccff0c8d356197d4adc0ee29bf5bb35fc2f324b79f78b75ccff003cf87e3546d15555fe1e53768b7274b70e0ce928bb3a02d616f38588ece7c5e7b49cf2ec42064547ecccd44c2356b8f5cc396d2bbcbae3f718d3a648bb1f925df24afa6b41255bb6c12adca01512108e1975e678d570bcd78deb75b5bc58a8c802f52cad2ad7bd71c5282c91969c89cf4fe355cb29bf32e099171f5bde53936e739e8c4e6a319f70291f72147a5fe156cc36fadfe3f6e576ef8827c9d36ab95c1b6f868de48775288efb3055c06755aaa88445c9a63ee4b61076e8d593e5ae2feb54999af275790573c773cbb789e358ccb0b97273bd2c665c1c0506e1248ec3bd5a0fe6922a9af2a45dab8a32e917121497635fe6b47f754f2b2cbecc8a6b4a2b974517a503218bc5cd9e697590bbb5b947a0b9254ad0b1fda36bcf78829ec5248e3535548aeeff00897dcebee2db2c6dccfbacb76ca569ddde77c77f141e1a25e596a6c2b2c9f1d59f4ff7aab152b45d999fcf079bb74c4c979c0e62194d9f9837cee47f23c056915b78ba8e17ec5ee3896d8bdcd5a96a09194873b7f1abeb34d7591c6f173085ee2fb31f576075e58fe39e558fd5cb97c571d8af4fbe63b8ce7cbdca7a078c3ce65fc0e55ad330e9a2e44ee7844c538adc92da0dea680a5004efdc3d7f6675695aa9d8b15a312df93788715eb949714f4d8c06a757c5b2e80b4e927a940d654ce59d333330db6aedca0cab951f80ac4de63ed08f40e4b9e02b0cf9f7b424506ab40a0fcdf8b6487b125d13a120a25be350eb3938aebae989cc30987037455d28a9672fb2fa13c0715788542b87b30b7bad790f10aaab2f3b84c928533020a52bba4e39474ad25684363fac7dc4a7e6379f57ce390aac91c7d1d3070ac6b72037a5c2eb877b25f7382e439dab732e1f70ea0380aa9f565668f374b296036969b4f0094278556658d5b5d06e4e436f56acd1d883549453944dd71ba5690d65939f3333d007c67b6a7196f16667f4f4b25da147d4e3cd05bae9f949483a89fcfa87e359c9542430a498526d5a5a50715cea69d3d446731e23afec355a915c6d4ea22213c48a8c222941625813640438d81ba6ce7a7a95f81a113844b12ef0a7530229d6f2fbd6ddc8948cbb55d632eba9c42fab12b3b56b6224543396f72192f571d79f7dab3eb073eaacaacab547ab3bbbe9c3cf7c16a195a2567f03a8a8fc82c0e94224f1d1d6a678f5669ec15b51b5a5afbb6faa430544326e097d6d8c98495f0e1993c13ff5a5f9c435babe98e15f378f8ab936b9f55cb36306e23ce2866108528fe02ad154a3e9280752cb6b5a06f107a2ae00ff000aea743b6d0952b11da4abad32d8ff009a2a685a86fd5a3a0a0cab951f80ac4de63ed08f40e4b9e02b0cf9f7b424506ab40a0fcd5895842b12ddf25e95f3d91df757f5aaedae88a76339947153ac9c9638515c65e81e5b9d5d1152a4c61dd1223a78a53f7ad5c29865554ef1f07c6429c90eea4b60a9cd3c1202466493f60a32db2e7c38fc85efef046e245cf496dbe19b51119961acf2cf3c95ad7fe71fb2b34d71e9c1321dc8171d5701df2d46a254c3ca2e25821e3f27bc647ce078fdfa4d570b5566528f5c604d6db66dea6de7dffde392503b750ebcfc405530a6a637b925e0784f23e4dc5a1e038acf69fbaa35e5a53a4cc225ac157965d247167c63a8d4ebb69d22261db87a247b7e1e54b944e69912d0da4705297ce9d0123f2acf196539aaa7bc5c657267a32da43ec24e5d1564bffdc54ea34fa6ecb962c892a39e6c74af2ef55c3257ddf65566996736e73b52983acee350fe10920efe4ff55abad2dfff002eba4b54e3f18683d2cbeface6149867bb41c3b265c20da89e68f8c96e0cb52140e6958e3d695711f6d696a616b1f6a3f67ea7ee73d96a4a407ede5689a1bcd235a07023c41d052a1c7b6a6bd8d2b693b99cc2b265c2a47fe4bfd2fc97df7e79d73e59bdd497a4c77195b05a5a865ab82db3f88e3f98ab60aa330a25f6c6f2252d6d0eae1a503870e15a535296ee6364b930f890ddfad9bd68eeccc600732e19ef13db578744632dfab4741419572a3f01589bcc7da11e81c973c05619f3ef6848a0d568141f9a3142cfc66bb8ff00f3647fcd556f12a611c9191cc9caa549975b4eeed39a1b1abf78f1fe152ce61e9ce1d73bf51fba8cf0a7e34c47706252ad0ca5ae6efa5bde6b4e67477cb1d796472cbabb6a92d6dd1eafa63685891d7326588ff69d0acbff0058a9c654aa8a69de9189b4dc430d5fd2a3309cfe7eed4a47feba618556f5bfa65dabbfb539ae7321a690a59cf5b292357e1d551ab0c3c45ca670e09d88a73515423c66b7483ab7aa1c7ef27319551b5bbb54ced485831ee2b84f2d3737d86a221a52d21c41793c074725217ab2cc8278f553521ad7113ba134c6dba4993cdca628cf20dad2d38a4f8b2392ab2aa99f467545c88cc443963dd26dca1a1e79c6f76d3d2d484278206b94ead47227b49fcab2d797357a6d54ce31c3fd23a6622fe92886d2d9e3938a56434e9eac81d4389f155a33bdbd172bc6661d8d3d7004aca1a2da7229cc1e965d7dbd46a9aec674d1fdbae2a88fb8d162129a6c00946ed79fd991d7964056d146c7a1444cc3fb1b6e77f90a0d6e626b2ae016dac0cbc43a7d75136d5aa9aa1c97cdad5f642d50ee2c46e6f905b618428127b3566b35116f3b60889aa33088b6ed1317586e2bb85ba3c273e14692d146952c6b8e14a4f477808514920fdc2ad88699a7a3f48c46d721969e7bad684a95d9c4a413956184443b928007880a95d46b86208099a52e249695c43c8e23afb4565a92e59a7592985a54492414a42d2899934a03fd0209ab6e98cb4a29c61a2575bb4a0cab951f80ac4de63ed08f40e4b9e02b0cf9f7b424506ab40a0fce9895b8917115d5e7fe55d54c90a435d833755d75d311110ca6728653c892eeb7084abb0750a8ce518c3afe45b4667abc75664ea6a285341d252ad5d48078fe26a70ce659d62d8a85e2d70b8383719ac93fe993fcb558a76afaf314be586c0190e03c55a392b949c4b82436a8fa1b753dba919ff1a65cb5dbdb9dc37f0a47777b09c4863e884740fe7ffb5659699a2a8c55bf8a5a1d8a3cd6b7f727d2f38b5871309b4696db03b3ed3e3ecace659d7a46a6ca3afaa7a6d9f01bf08aa585352d1d269c0bd0a0acbbe23bd27edf1567ac8b5a45511b3328bb0d9215da60764c86de6a310988d009654427aba090387dbdb54aeb96d37262311b2677faac16380a30521b6dbc9122581c388ca53a2b9abcb9eed13add3fd23318c3b2b4b69b7ade87642f8990065a4fdbd415f71356b7386f6ab98d9979d860c5743b12ddbc762b48f955b9d108d5d4de5d5c78f5556babd6595da2baa75a5018aecf02dbbc5b68694873219907349fb38ff856d6aa997568b7a6a9c667624b06e0e8322d2663cca54e3eb3bacfad294f0e8f6f139d637f48989c1a5555ccfdb38c38b11ecf63458ee4d6a429b6d196a4ac6aeb3970ea3db57b5a56762d674ab99c5519569c6fe0eb697da5e5262be8790f201ef730939ffb2a35b4ce65d157df389dd30dbf0f630be36e468cb589285e846973ac679752871e159cc34dcd2d97d0b529b50eae06a21689414dc1b05c49e68bd19fcc5f4d3f9f5d19cdae0f1c31163db262add256db72f9c21c69bd5df25596447e5518dab53f96855d2ea2832ae547e02b13798fb423d0392e780ac33e7ded09141aad0283f36e2aff00c4776d40ff00963f97fbd557446e62865375130b44be93f7fdd456a7432e2927349caa59550a5e297d43134a5e9d44b6c03975f06ea624d5cc39e3b7264f664dfe43f135a39ab98a52f1130dbcb5af7847cc6f827fbc68e3ae6a94cc794a52376d212842bac659a8ff00b478d6732c31879b7896d90a798f39875bd1c351490acfc613d6456530d7c25554663d5d2f59ed5899e783528b413c1b6f3f9557f9eb41ecf10ace7614575d9f4cbc626ce71632e8d2fefa103d023befcbac5526afc6d74d77e9aa33abb5eb6ec5b3ec6df318bfd2c30f494cb43b9f05890e70428667abc754d43e9cef9d99c7fa76dc3177c3cd316fb6c65a26bea4a036bc8f4d47af55575149d1e75a33b9a05af0e376bb5b7093c340d4eaff007d67be57e759d5196b550ce36936498db91252c85425ace63a95a8750cbc46af6271fb345a7573c6569c1502ea30cc692a577ea5169b7005361acfa291d4aecf1d637636ee5aa84cddaccfdd2cceb2ec64b7d4b2a0ad48569e3c3a95d7f65529888daadca6ad5fb77b1dbf582f4cc19884b464361a5ad447892389aea8ae16b17e8aa784b5dc256c8b3aed1d0d7075035adb3d6340ff00ad3196f113338686ea7723769efd5dfaa92d5e680b477a72aa8f2544665dc63adf6d2b5b4e36a42b2e20a5408a88fea31b56caeb749419572a3f01589bcc7da11e81c973c05619f3ef6848a0d49f79a61971f79410d3492b7167a82523324fdc2820be3fe0cfade3fe74187e22bb61d76f5707fe136776a92f2927339105c27c55d718c39e73946a2ed647fa3cf1b6a3fdb9eb5ff0e029b1139878cebb60f67206ed1a3acf7a871c09cffbd9544e1113538978970bb6a0945ea1bbc3a5a1d4903f8d5256c29f7fbbdae45f5e7e34c61f656db3f2a858524100a4a731c33e1534ca27646d7cfc2108f154d41cb2e1ab3caafad0e69874c6bb5af7c19e7ac6b3d43789a8998635d138cad16db8e1a6349977463787bd6c2f48fcfac9fbaa334f17057ad3ba1392f15ecf5c89a273d11d6d233d4a2357e0aebceb39982d45ccec89509ebc61172e0b96ccc4f364f49a8e1e0a7c91d401ef87df547a78b9118f5e3e8bd602c7d1dcb6cc4deb15c5663a816a2b2b7dbe72d0ea2bd67a432ea1aab3a97b94e37438f0ad8b03c9b33ea937acb7f21f30df42f250683cb095a86452a2e0e3559994d5139dc97c291b08d8af121c9b754480001024842b40d43a6a565ab4a87571aad5b5134e7d17a8d8a707abe505e18780e0956ad491f9662b3d54c5a679b44c5f6997786d86a5b4b8f113d1293d6b5ffd052299655dbaa52f60dafe0e56e634f4880db290da16de6b6ba232e23be1fc6936db4512b8dc718e1b7ecf205bae915c94b6fe410a5148e3f870e155d4caf553334ecdeca6762179a6df8f2e6a1c6d4d3ad36a0851515ba34a519a410bcc9a7d3e0e6b16a75b74c4ac785f1edb2c77976773862485ef1b2952883a54acf34903ecae977ee6810369d80669e95d5b8ae75ad123a3f92fbd354c1093562ec1478a2f31f23d5d2247fc2a7516d47cc5c658351275aaef1b30401c4ffd2a29a76a229da95f8ff833eb78ff009d6cd53e082011d47aa832be547e02b13798fb423d0392e780ac33e7ded09141aad028307c4085ab105c5e9eeea0894f7378a93c32de1c947ed35db4c6cdae5aa78235db94b39849281fc69354a9aac476d2cb4f628821f512b30c1e278e5bd72a22328aab9a772b5039bc6c92d2467fb83fc7ff007ad373ccbdad5ef4ca63cadfb72a2a1b89becd2e0dd8ddb872cc0527f03c456756fcb8f5e9d49a6acd5abb77ed8f458a15ab0fc661c99758afce6f77a249d45b24679e48d1c1233f156354e1e7c69973ea4534e2233bbba370bc8c08f5e0ba3532b60944265c466b483d65d232528fdf585d99c3b74ca348fa78ab74ed9c6eff000b7e27c3f6f76c4b97bb62694a82b7baf486c7fa4923a5f6572d13312f3f46cd99dfbf82364e1a6e46124c8b8216dc42379150eacad7a40e0a5939703d83c551f5315b498aecdc8ae37cecdd842eceb04d9af3165cb5212892b5e86100e852539139a78f02aab6937eba6766e7afa6d77a6629a6777bfed157ec1ac619c42e3095399946793841ccac6aebe19e47c75a5bbd35d395a34ab95d1ab5e35a383f49ec696ea7667604959d419733c8f6f3872956f77ce33ff382cd89b117c0360977474959693a586b3efde5f45b47e24d562332d29a72c86461adabd8ff00ed086b7d6873290ff33794a3a95d2216c8215c09e3c2b689a65b46aaa52713de5fb9bd2a72d4b94eb85c90179f7e7c693d5978aadf4e0aacd329ab4390ae9263c739b4f3eb4369d3c412b3975758ebac6aa661c95d15d3bb6bf4398f22ded886dbaade20252b7012320819002b9ea8c6c6da9abb15fc5ee48b81b3d89c5ad4254c129d5a56a4a92cc14ef4ab58072f952d0eb1d75199c2de886315e8ce16dc42d0e679042b307ecebadd9cbb1a84b4a7bf2547be39d4329add906e97bb79ce34a58467fd528eb47f74ff00854c54bd37a6175b5628b7ce75b6d4e16642881ba5f0ccff009a7a8d6912eba2ec4ac75a3a0a0cab951f80ac4de63ed08f40e4b9e02b0cf9f7b424506ab40a0fceb7eb80189aeadb89ea9920050fff006abaeba69a98d543e4b88ddebe0535ab0c312db36f5dc43154a20366224049235295bd5f048fba905588fdab3010fb28f926c0d23352bbe50fc4d5b12f32f4c55bd66b64293318de1712143a6d159cc95a78807c40f51aacd3979572fd36eac6366e9fd4bfb7155baded3526d1757db952327798c8f94690527a4495701a4e638e758d585add35d7334dda22629d9ad1b2678755bb0eaa4df70b4eb8356d891ee05418b55eca541c90b272569678e5e249cf2edcb8572d58896de12d5b88a673face70fb89b20ba42bb455cd99bdb1b992ee1b90e156a48d5a5c6c67a8295c350fe159d57367e5d33118cceffd34bc44f5b1184675c95b8991596886db6722d6a237694f6f69eaae59a76a6e51f66659f6cbaff8121c3458a6a96c4c93235b8b75bd4dad6ac92da12a19e5f88abdeb7356d4dbfba3ee59369f86d6e4f82e35634cdb304b69765a55d1492be96acb32001d64d6746636c4b2d26c4fd58aa9cc4718f5fdbbed5704e1fc251a344516510d7290919eac92894e80333d75b44ccc4716d76bab5a298dfb3fd392c37bbce34bc414dcd28f836d0e194ad09d2971dfec82fb0915b4fdb0f4667563f2d5985289cd3c5558ab4a1afb8770fdff0031758087169e09780d0f8ff6d392bf3a45c985a2e4b1fb861d45b314cb6602dc4b509d02338b393a149c8e798cbbd5751ada6e6c45cbf8fdaff60da36258aa06e0da2e6c756a50d0f1fb758e07f1159658469b89dab260ebd5af15620b8df2380d18e845bedd11ceff0076da8ae43d98e89d6ff47876360f6d5e621dd15d356ede96c68e072e51527896d9397d9acfff001a54cb499438aa388a042284dda093db25903f17055a96f67faa1abd743d52832ae547e02b13798fb423d0392e780ac33e7ded09141aad0283f37e20420e25bc149ccf3d919ffbd5574d0caa70210a757a507248ef955652659aed96d9cfb10c04003344209091d7fd6afa47c438d6d45bd6715cd23e9cb3e11df80ea101e0e95a8368ddea24abc59556aa7559ebc5d8dd8fdae163b45c149724ca61c6e231c2413d156afdce3dbf870a8d5978ba55ea6318db9dcfe5fa0c34ca8bcf14e37694ab390a48d68654aefd072cf2de65c4f671ae7a97d12f575513ab89bb11b38cc71ffd7de30d3b02dc44f4333911cb50da1bab6b2aead1d45d481fbdd43ecfbeb9ae4392cccdbaf56675aaf5eddd397bda25bd98cf5aed2ee789e4e51edb1ca4e5bc755a37b9f5696f32b3f75634d3d1ec6897e9b9b7d2153beec012a84e9b06229311e77253d1a628ad87dc1c75668c88255c788555a348e30efa6fc63ee853f0e41b8e12c6f6c878d221762475a643ca60a5d516813a54da8119f493db56ab56a8cc396f5bb313adba1fa42d32ecd88a1baed9ee2ccade208722a4e9712d91964a65792b4e5f6571556a5bd1ab5c7db3963788e4222191688e74b11a5cb6c24701a5329cc8655d96e85edd888ae67f5fe97ac070d30ed2cb49febdff009573c79ababf21585cab35396bbbad5cafb19c0df043999cba47fe952e8a65ed6c8e1f96a3af5328e2e28f593e2aac46d5edd3997a6d1d9b539869e714cb6b90374db2e948d68cd4380575f5035b4cb4d32622de5905d5f7f266d908e89b301f951fd8309feb1eea50cfe6a33f9c7ecaa43c0a23fbeadd1ef3c3bfe1d3cde3c28284471b96a2b610d149c8a529190e22a15a2e553567d65a55ed61cb99cba9b69a47e4d83fe35797b97e76b92a1cef19323749cc75d17a69cbc2db28cabedb5013a74c86947f058ab43a2d53896c95d0f44a0cab951f80ac4de63ed08f40e4b9e02b0cf9f7b424506ab40a0fcd78c1e6ce24ba042725898fea58e1fda2ab7cb3c23e2dc16d0d2520a7b0f6d4c54ad54659d6d4ae4d9bec642828b06224e63af56f17c08aeab35ecfc3cdd2acce73ea8fc26edb203ea9929b3cf40f9259c8a1083d88cbe778f315d36f563f6f0bf91fa95c6ad3fd1ef3fbfc25eed8c66dcd498e956865ae291fb9fe71fb7c55cd76e707351a2e23356d57a4cb55c5e4db1b59e60d9d53179f7c7b13f79ae1ae5df6a8fa31f57fee7f6acb0ef8fda22eedf70a3427fa2be0e90a4019693977ab03b3b7b2b8e73e8f3abd1beb55af6b7ff7470fcfe699f6f57c6cd9326e7895fbd2d256ee7ba8c7f773ef95f82697f644530eed23fe96a59a3f72db53350b861b4b855d21d2d39f57024f6802b92a975d37334bc769b62c2cbc211ee2dc54b974deb2c26e2330a524ea51078f11903c08e15ad33b17fe5352347cfaf16601f4dbdd44c65de6925ae2cc841d0a49fb08a465f2b62e5c8abedce5c16c9099d2d33aeaea95ce5f71d92e1eb3a9d52944e5e335d9e8fbb8aeafa718db56ac7fa6b765bc5a92d28c279121f238e441c878b2ecae49cc3cca63e97a6d94d449c950d3a81278b8a1d5fe88fb0565acdedd7948447d85cf61963838a399d07b0713c2913b7637a6a8d6c439f6b57945bacf6eb7b28e71739ef95c7879e9d41b4f17167e6b482a1a95f80e35d386da6d19b7c233b59fdba0261a5d9121de733e46465cacb2cf2ef5084fcc6d19f453f89e3559978572ad69c46ca63747fcf570c971d96eada4ac842b3d5e2ca8eba698a61a6aa5079f5b99f05757dd970ab4bbabdafbde272cf3a865844ce7f52b2ecab37a61d9871a09b94159ef9721afcb58a98debc4fdd0d8eb77a250655ca8fc05626f31f6847a0725cf015867cfbda1228355a0507e63c53ff89eeffebb23fe6aab48551952324daf497d8c49054d2b494c4047fbd5d5e9aa614ae88ab7ab88b9dc5db738eeed28d3dfc8cf23978923c66b6d69c3cd9d1edc5c88f67cc39ee281c9c2952bad5db58e5376cc7059f0759e539216b7353b1ce654b49cb4a88e048edaa5519791fca6954c53b364baf14a5c64a2215e69701504f8d293f3bfc2b9e9a58ff1b567ef8df0e3b362cbb5947376087229ef99232ebeb01438d4d76a2a775fd0addffbbfa2be3e9d17db36d3e3299dcef79ac850d2039d491f611c2b8abd1aacec7995e8da4d88d9b638c341c6f7bb2dd60e0eb0d9ae0d4b6e7c8c96fb2a0bc8e486b3527ac10564e46a629c43d5d3acfd4b745b89f556b1decbf14d99e4baa4a2e16a41e3223f58cbf7da3d21f8662a62a8879f77f8aaf478998daa7c0e3082fc6a734ffbc557653b9ee58fe9a63ff18ff4f761e7d87438cad4d39fbc9391a99754d3131b566838de5c147f4dc9c6c75bbdea87da7e6d73d5662a70ce87c9b13161da3326e4170169603c828f85e6216a6582af9c9613d279590e1c423c66a22de13a2e8d36ebd6addb8d4d9235c21aad72be149329953f3aeeb525c7e438e39c02d4900252903a2da404a4750a4b7d33eec34cba6ceec33e1361ad50656ed20bccf7a4e9eb536787e59555a55a15b9fc4b34bbe0cbbd856f29cd329aec7d9cfbdfb50788a8d6870dfb331fa5970dab7d7580cfefbadff0e3fe15a3b69a76c347ba61ab4ced4ad1b874ff006ad70fcc751a975556a99526ed822eb18971a5a2533d7d1cc39fdde3ff001a86355ac39ed2ad3788083d122434349e07bf1d9486547f535fae87a250655ca8fc05626f31f6847a0725cf015867cfbda1228355a05063f79d8e6239d789d35a970d2d4a90ebc84a94eea097165401c9078f1ab6b230e3fd88628fa6c2fef3bfa753ac6148c75c9531b622bd45991ee76c6e3b2c065697172351216a5663265432c95e3ab4570a55138d9bd0971e47bb499010cb176b3b715bef525c95993fbcaf90abd77b3fa636347d5db3b6a972b7c8c7696939fc3166fc1c95fa159ebb6aa8ca7ed1c94b6890d5bd17cb7447d3964a8ce482873ec75b5b3a4fde29aef3349fe3a6e6cfb6a8fcfa7ea621d8be4bf8fa74c7a55d2eb6c2b5a4040654fe59a7a864591c2b3af6b9e3f89aedd314dbc7f9ff00e399de49d8ccc7425371b5efb51538b2b91fc3e46a36b6a740bbadbe31ff003f0e13c917686a7b59bb5a74ff00a7273ff93567653a3d514e23099c2dc99368563c4502ec9bb5a8f32752f04ab9c3a094f5029ddb598ff68552aa7308a7459ce6621a3dd708ed81ebd42970e7d9c4064a4ca86a32521dc959f6b6f6472ea503f8573f86e2b55a35535675b67051d1b17c677c7a5dca32ed71587e7cd3ba53cf9d1a65ba950010c24100839711f857445385ead1f6e5f4e7273c76e3855f0adb194f0c8361ecf875f15a15ff000a9822ccc3c57c99715a9616ab8407963e7bee3eb3f916b48fc054b48a25d68e4ef8c8019dc2dffde7ff004aa159b52ea87b02c5ecca696e4fb79692e214b014f67a4281397c9f8aab3429f41b23f6a9c5b5865c425797c9939f0f17656536a5acd128fb459b112646f2ec21af4ea4a56c29c3a927f792b401fc6a3e8cb3a2dd5fdd84358b67b77817b6673efc7532d2d6bd082bd5c73d3d6903b6b5d45e2d6d5d79abbe314d469879bb01d7075a73fc6a351134a357849875e6243aa024b0f25d4ac71e0950565c7eea8a6d614fa2b0d6cd8a0cab951f80ac4de63ed08f40e4b9e02b0cf9f7b424506ab40a05028140a05028140a050281410b841b711675a5c4942b9f5c4e4a041c953de20f1ec20e62826a8140a05028140a05028140a050655ca8fc05626f31f6847a0725cf015867cfbda1228355a0502814150c79b56c19815d84d62290eb0b9e97151b74c38f6619d2179eec1cbbf1d741c184b6e9b32c57736ed769bb7fda0f1ca3c790d38c29c20679237894851fb33a0bf502823712dfa261fc3f71be4c438e45b6c77253edb20170a1a4ea210094827870e3411d8071cdab1be1c6eff6b65f6223ae38d25b9494a1ccda569398429632cc70e34163a0cf5cdaf476f6bc36706d6e178b1bff0084f7a9d1fe4e6465bbcb3f9b975d077ecd36a960da1449f26cf1a5c645bdd4b2f0988420952d3a869d0b738654173a0cfb1ced763e13c6f8730ab96b725b98856da112d2ea5096778fa58cca4825596acfae8341a0f09d3e0c08ae4b9d21b8915a19bb21e5a5b6d23ed52b20282ad8bf6a58630ce0d6717b9beb8d9a4ada447720a52e297beef549d6a6c69e1d79d058ac3788d7ab240bbc64ad11ee11db92ca1d002c21d48580a00919e478f1a0eea05028140a0502832ae547e02b13798fb423d0392e780ac33e7ded09141aad028140a0fcd5cadde618c47821f909d71d9325c7d1967a9b43d18ac647af348a26157370c23b43db56175e04b737628d0dd69e9ae381a885e2c3a974a90d20f1584a7480389fb8506adb4bc67b71b45e27bb6285688f87a01d519535d473998da1a0e3ba1b53a8ea56a000c8f0a211377e531251b2ab5625b7db9af876e72dcb738cb8546330f329d4e2c9192882952549493dbc7aa89495b3196d918c118a6f18911667e341b5bf2ed57080a4c86d721009ddb8942d492903ae885a76138b6ef8b36791af3760c098e4890dab9b37b96f26dc291d0ccf6505636b7b63c616ac6d0303605b7353efcfa12ec82f24afbfcd496d2353691d04952d4a3901419fe0ebddfaefca821cdbfdb7e09bda223ac4f839ea4a5d6602c6a41e39a1638a789fbe89691c9c368788b1adaaf922f6228721496da679a30181a54dea3a802acce7443ab6e9b5dba6096ed769c3d1113311de544464b8952d28402100842482b5a96a01233f1d06398aeff8e2ebb5dd9f358d6ce2d17c832e22541b20b4fb4ecd4290e234a9c03a8850d478d12d536998cb6e169bccf76c30ad11f0f41e9465cd751ce66210c871dd0853a8ea56a032c8f0a219e6d4f6898b31fec6a1df62478b1f0fef447c4cc67a9d44e6a43463ee0aba5a15a82bc601a25d1031a6d5708ec25abbca45bbe0f4fc18ce18d4d07898ce6f03bbf46a1d2c83797e341fa17035ce4dd70658ee72b47399b023c87f769d08d6e34952b4a78e4333d5442728140a05028140a0cab951f80ac4de63ed08f40e4b9e02b0cf9f7b424506ab40a050283f3672b2716c624c112f72b79114c879c4a1255986de8ca23b7af2a255ec437fb96d7f68585dcc318664da9bb5c9419375537928203a85a96e2d202121a093a41399268232e70df563dc610f1a6149d88f15dcdd793864fca7376866bd0ea7881bb4a341491980065c2824b67b75c3b6ad886e3156199188ad722fd252fa1941de47298cd14bff0034a7b467a85070607b4cf16eda4dcac16f9f6ec06fd866a23469a164ade281ba093d4a5a7a67319f0396741b5725d42d1b238616928573b99c14083fd71ec34428db576b116cff006df176910ed4edd2d13594b7203414ae9eeb9badb2a015bb514a52a467c0d128ec2b3f10de794b5b7105e2d2e5a1cba4179f8f0561456d47109c6dade9c864b568cc8fb6827f91e36ea2c589b78852339ace5a9253fd8fdb425ebca4b0fe228389b0c6d12cd0d738589494cc6d0952f4069ddf36a5a5399d07529255d9c2829b89f14e20c69b51d9de269d617ecb6a5dc22c6b732f6a53ae25b96dade755d14e48cd4024fd941157384f9c7f8be1e35c293b1262ab93aea30c9f9411dbe2bd0ea7881bb4a341491d4065412b8330e5def1c97712dbe0c771f9ecddf9cf364a145d712c7355ab4a3ac9c926839f1063117fe4e28b0b76d971a5e19916c89256ea0e97544ba336fe7700df4811c33a0fd29b32046ce70c023222d70f30781fea13442cd40a05028140a050655ca8fc05626f31f6847a0725cf015867cfbda122835371696db52d5dea0151fc2833d87b78d9fcbc133318b4f48f8260484c47d0a64891bd5e9d212d6799cc2c1a0bcd9ee916ed69857589ab9acf61a951f58d2addbc80b4e63b0e4aa08dc4d8b61d825d8e34861c7957db822db1d4de9c90e2db5b814bd4474726cf55031ae2d8984f0f3d7b96c3921865d6192d33a759325f43093d2291c0b999e341c168da241b9de275ad8b74e2e41ba396879f435bc692e36c87f7ae2904eeda20e9055f3b8505b282af8831f41b26218f63720cb972a45be55c902237be51444280a6d0d83ad6e2b783480282c8c3bbe61b7b4a91bc485e8706958d433c943b08ed141e940a050283861dd5326e33a088b25a303779c879a5218777a9d5f20e1e0e69cb2565d4682171363e8560bec0b3bb025cd913e2cc98d086d8795a61252a5212d83ad6b56be8848a097997b4454dbd461cb7be1175b65219614b2cef067ae465fd5213974947aa83ae64c8b0a1bf325ba9662c66d4f48797c1286db1a94a27c400ce83f902744b8418f3a1b9bd8929b4bd1dd1980a6d63525433c8f1073a0f7a05028141c0ddd92bbd3b6ae6b252a6584c8e78a65422ab5a8a77687bbd2e0cb329ec141df40a050655ca8fc05626f31f6847a0725cf015867cfbda122835096098af01c4942b21f8507e54b1e08c562cd6ab6fc1729bb5cac3ebbcdc5a54570285cadd1e4c66595669cc38bdeb6a09ebe88a25368b16354fc1e9f83eedf0ef30c3c9c1b299df222436da65a170449c8a5b6f8856f52e8cd4380a0f8b9e1cc62ee2c0efc1b7556296f13c87d576587556de68b61d45bd4d712d808cd233cba3c733c4510e181867197c42be264353552962d08b8da0c19e1c54f6ae2d2dd93bd7d6fa5f70a33de2d8c9196478512b4c0b35f91b4d6e40832d114e369b216f6e9d0d98eab4e84ba55969dd95f00aeace887b63eb1e3695b5c0fa5d911a228dbd5876e0dc59b2d0d6ed59cb6c18ce2196379d4e97d04292787550756dd2d37a977f71eb7c293200c2779612e4769c5fcb38a6776d85201e9ab2390eb3415cbb61bc482f377bec76aea89f6fba61836c4b5ce03450a8919a9abdd01a5c0120a5c391d397671a251e6d1881788e05b26c6b9b58a27bd89da9d22538e08729d761bc222a26a569290d2919148e88e04e741f6e4ac56f37647d584aeeb8d0b0ca6cd7266535250378892cf38774c7525e752d84e7a52429c1c070ce887f6d96bc58db76f8f72b75e9dc256ebbdc52c428489519e6cb911972dee0438e29d4c74b8b5e9d4e108577c781144a225317856cead53e6b17495694e0d909b4ca82e38198f70d6e17dc96a4a82405339715f023303324506bdb3089794dff00183fbb79b4c98164f839f792bdcad69b7904b6a5745592f2d5a7f1a218dc9c318a3e0e695f025f537a4d82f8cdee4494c8750edcdc48e947eff8afb0a720ae00664512d9768906ecf59b67e98d1e4b8b62e70d5312d21c51420457028bba788483d7aa886696dc03885db061a639b5d1e958870ddd63df234a5492d090c33ae021695e4960a5d0340e19fe744bc3e2ce27763e1645ae24fb35b1ab6b0dc153906e4f3912f697bfa6385a65d6cb6a7143838e02d94660504bde704de659bcdc96ddd45c978d5a88c298325096edcf3aca9f7e3b63804a8951dee5c32ebe1443a311614c476fbc5dadf0205e9dbb3126dcde02b8477242e1c782d6ef7c975dd7bb4e5f29bddef1570eba08b869c4b6bc616572e56eba3f8abe14be3b383aeb88873d621baa8a9879ab4e5bbc824a4744703c72a250f3225ed168bb0f8a939f8571660b9021735b9a63c2b82cbcd4995ba71c76438a65072247059c8e9cb8d04e2b0ddfe3372a2e1666f0f5adbc3d69677ce352634b90cb7745aae0840734292fadbd67477da4f0eca21d307095e2e988ac30b9a5e20e0a7ef17036c6166533219b72a037a90eac9deb2cbaf83a12b20e598eda0af8c3bb467605a62ca3718f6d8a89b0ecb29c8b7098f4494dcf5861cd11d6d2d2e6e74eedd74291a78512fd55192f263b497d416f04243ab03205597139766668865dca8fc05626f31f6847a08fe4cede213b12c38623f1111ffa6e84bacb8b5ff97bf9e652ea475fd95a53a98db9cb2aa2e676631faf969fbac59f4981e8ef7eb55b36f84f5f8571778d3d27b9bac59f4981e8ef7eb5336f84f5f831778d3d27b9bac59f4981e8ef7eb5336f84f5f831778d3d27b9bac59f4981e8ef7eb5336f84f5f831778d3d27b9bac59f4981e8ef7eb5336f84f5f831778d3d27b9bac59f4981e8ef7eb5336f84f5f831778d3d27b9bac59f4981e8ef7eb5336f84f5f831778d3d27b9bac59f4981e8ef7eb5336f84f5f831778d3d27b9bac59f4981e8ef7eb5336f84f5f831778d3d27babd6ed9da2dd7e76ff123db917777799ca53729c29df1d4eee92e48525ad678ab4019d336f84f5f831778d3d27bac3bac59f4981e8ef7eb5336f84f5f831778d3d27ba17136099389e3b51ef820ca698254d80896c91a864a19b52504a5438149e0699b7c27afc18bbc69e93ddc375d9640bab30589d0ad8e46b73423c48c96a536c8652734b6a69b90943880467a5608a66df09ebf062ef1a7a4f75992c62942425322de94a4649488ef0000ff00fb5336f84f5f831778d3d27bbeb758b3e9303d1defd6a66df09ebf062ef1a7a4f73758b3e9303d1defd6a66df09ebf062ef1a7a4f73758b3e9303d1defd6a66df09ebf062ef1a7a4f73758b3e9303d1defd6a66df09ebf062ef1a7a4f73758b3e9303d1defd6a66df09ebf062ef1a7a4f73758b3e9303d1defd6a66df09ebf062ef1a7a4f757a0eced10710398863316e4de1d2e1e74a6e539a0be73777485c8521ad67bed00674cdbe13d7e0c5de34f49eeb0eeb167d2607a3bdfad4cdbe13d7e0c5de34f49ee6eb167d2607a3bdfad4cdbe13d7e0c5de34f49ee6eb167d2607a3bdfad4cdbe13d7e0c5de34f49ee6eb167d2607a3bdfad4cdbe13d7e0c5de34f49ee6eb167d2607a3bdfad4cdbe13d7e0c5de34f49eecc394c378846c4b11996fc45c7fe85ad2d32e217fe5ec659153aa1d7f6556ad4c6cce56a62e676e31faf948725cf015867cfbda122b36ad568140a050615b7ac437fb6e2a82cdbae52a1b2a8295a9b8ef38d24ab7ce0cc849033c857d07f13668aadce62276be63f9bbf728bb1ab54c7dbe93f9966bf1d7197d7d70f4a7bf9abd5f0b6b969e8f17c65ee7abac9f1d7197d7d70f4a7bf9a9e16d72d3d0f197b9eaeb27c75c65f5f5c3d29efe6a785b5cb4f43c65ee7abac9f1d7197d7d70f4a7bf9a9e16d72d3d0f197b9eaeb27c75c65f5f5c3d29efe6a785b5cb4f43c65ee7abac9f1d7197d7d70f4a7bf9a9e16d72d3d0f197b9eaeb27c75c65f5f5c3d29efe6a785b5cb4f43c65ee7abac9f1d7197d7d70f4a7bf9a9e16d72d3d0f197b9eaeb27c75c65f5f5c3d29efe6a785b5cb4f43c65ee7abac9f1d7197d7d70f4a7bf9a9e16d72d3d0f197b9eaeb27c75c65f5f5c3d29efe6a785b5cb4f43c65ee7abac9f1d7197d7d70f4a7bf9a9e16d72d3d0f197b9eaeb27c75c65f5f5c3d29efe6a785b5cb4f43c65ee7abac9f1d7197d7d70f4a7bf9a9e16d72d3d0f197b9eaeb27c75c65f5f5c3d29efe6a785b5cb4f43c65ee7abac9f1d7197d7d70f4a7bf9a9e16d72d3d0f197b9eaeb27c75c65f5f5c3d29efe6a785b5cb4f43c65ee7abac9f1d7197d7d70f4a7bf9a9e16d72d3d0f197b9eaeb27c75c65f5f5c3d29efe6a785b5cb4f43c65ee7abac9f1d7197d7d70f4a7bf9a9e16d72d3d0f197b9eaeb27c75c65f5f5c3d29efe6a785b5cb4f43c65ee7abacab5b47c518966e0cb8459b769926339b9de30f487568564fa08cd2a51072233ae2fe46c5ba6cd5314c44ecf4fcbd0fe2b49b956914c4d5331b7d7f12fd1fc973c05619f3ef6848af977d8b55a0502814198ed76cf627a4c7b8dca23654cc4777521e2f6979c6940b5046e9c6c214f171592b89f1574d9d32e5a8c5338872691a0dabd39ae333fe5092b0decbe32e7b2e61a7448b7b725c79be732ce5b9759699cca75641fdfea49ec009eaadbcceff37b439fc9f46e5f79eef1185b05c8b7a27c4c21bb8e5db621c3326cc6ca51700da9c514a42b2dc8740e272cfc54f33bfcded0793e8dcbef3dd216bc1bb32b80c425bc3127fec15ad2007a5ea93a12a3934952907566829d3f771a799dfe6f683c9f46e5f79ee8af8b781a43362546c2aa8cabb3ac6b0fcb92bc9a5cbe6ee6eb76a216436359cca748209ed14f33bfcded0793e8dcbef3ddfd630be047a384270fa79da20c298f279d4ae70954a71a4942a31c8000384921672e198a799dfe6f683c9f46e5f79eee87f0ae034a24737c1eebceb2fee020cc949ea43ce2b787a5a1c098f9e819f7e8e3c69e677f9bda0f27d1b97de7ba42c381766f77beceb60c2d262b70d965e12de90f80bdf242b4846f3576f5f57034f33bfcded0793e8dcbef3dd63fd8aecd7ea93e9127f529e677f9bda0f27d1b97de7b9fb15d9afd527d224fea53cceff37b41e4fa372fbcf73f62bb35faa4fa449fd4a799dfe6f683c9f46e5f79ee7ec5766bf549f4893fa94f33bfcded0793e8dcbef3dcfd8aecd7ea93e9127f529e677f9bda0f27d1b97de7b9fb15d9afd527d224fea53cceff0037b41e4fa372fbcf73f62bb35faa4fa449fd4a799dfe6f683c9f46e5f79ee7ec5766bf549f4893fa94f33bfcded0793e8dcbef3dcfd8aecd7ea93e9127f529e677f9bda0f27d1b97de7b9fb15d9afd527d224fea53cceff37b41e4fa372fbcf73f62bb35faa4fa449fd4a799dfe6f683c9f46e5f79ee7ec5766bf549f4893fa94f33bfcded0793e8dcbef3dcfd8aecd7ea93e9127f529e677f9bda0f27d1b97de7b9fb15d9afd527d224fea53cceff0037b41e4fa372fbcf7671ca2365f822c9b1dc4173b65bf71363f34dd3bbe79796b9ac215d15ad49ef547b2b3bba7ddae9d5aa767f86b67f8db16ead6a63131f995ab92e780ac33e7ded0915c8ee6ab40a050283f8a48502950cd27810683fb40a05028140a05028140a050281418d6d3b1b62ab1ed0cb102e0e376b4da186f99250da93cfae4ecb8d15e39a4ab83ed363af2a0e5c03b5cc48ab30b5cb0d5d6ed6e0ea664f9b21119d94e3b325b11d1159437a5d239ae4a008fb38d070daf6c177b55b1379977476fcf3f87d7787edea10db8a992d2990f32dad8fe911cb2a7b7652ea0eaebcf85059e76dae744bb4cb4fc0cd3b3e1c294fb8db3256e244a80c224c88c55b94e6436ee40a73e3d9c683a6cbb67f856f1ccd8b438f30b2e4a61714aa43ae5b34a4312c34947f6af28a72cf8019e7d9419faf6ad8d9ab65bdf92f4a4c70714a9d9617151ced36f0f161b4649716d18fa00cd4dff7a82cdb3dc73896eb8de0c297715bd05f7afc0c756ecf4622a1f37495252927741e571edcf8d06cf419572a3f01589bcc7da11e81c973c05619f3ef6848a0d568140a05028140a05028140a05028140a05028141cafdaed921edf3f11975ef93f945b6952be457bc6b8919f417d24f88f1a0f84592cadbac3a881190ec6d66338969014d974ea7341cb34eb51255975d07c9c3f613ce33b6c53cf384bf916fe573ebde70e97576d07d9b2d9ccb54c3063996b042e4ee91bc2149d2735e599cd2323f6507f62da6d511685c586c475b6d08eda9a6d0829652734b40a40c900f527aa83cd560b129a4b4ab6c52d237ba1b2cb7a4738cf7d90cb2f94ccebf1f6d07db167b447752f47851d9793af4b8db484a86f72de6440cfa7a46af1e541d9419572a3f01589bcc7da11e81c973c05619f3ef6848a0d568140a05028140a05028140a05028140a05028140a05028140a050281419572a3f01589bcc7da11e81c973c05619f3ef6848a0d568140a05028140a05028140a05028140a05028140a05028140a050281419572a3f01589bcc7da11e81c973c05619f3ef6848a0d568140a05028140a05028140a05028140a05028140a05028140a050281419572a3f01589bcc7da11e81c973c05619f3ef6848a0d56833b6b6c9156cdd16ab15c1b5daa3bd25e6ca38ac30a0d2c23b0fcb9537fec9575507458769726e98b55625da9d61b7e2b32e13eac894ef2325f522400481915e90a4e633e141fc6ee3882e125f930eee0984d95bd6e43612f36f8253cdde6c852466a19664e64711d8aa08872d98e1fda7d95967154a94cc14ae5e2786cb6d3301a694328ac25b014bd6eab3efd6a5694eaf1661aa5028140a05028140a05028140a05028140a05028140a050655ca8fc05626f31f6847a0725cf015867cfbda1228355a0cee644daccab5ca2975112e8d09e884eb4a6b25a54a6951336d454d056495a73567975f0ce8276d2ee3d4dc2feab9b31dc828d270fb6de90b564df14b8a0aeb52baf31c3b38506758470ded6df8e99edc44e17c41212b5620b8cc7d12be107544e9ca2b41c437bb1925a70ab3427a3a5428345c296d976d777698cec68ef20aa6b6fa92f2ccb078c8e7038ba5d07a5ab8f01c00e14167a05028140a05028140a05028140a05028140a05028140a0cab951f80ac4de63ed08f40e4b9e02b0cf9f7b424506ab40a05028140a05028140a05028140a05028140a05028140a05028140a0cab951f80ac4de63ed08f4140d836de765185765163b0dfaf9cceed0f9d7398dcd6639a77931e751d36995a0e68583c0d05ffba8f615e537a8dc3dde81dd47b0af29bd46e1eef40eea3d85794dea370f77a07751ec2bca6f51b87bbd03ba8f615e537a8dc3dde81dd47b0af29bd46e1eef40eea3d85794dea370f77a07751ec2bca6f51b87bbd03ba8f615e537a8dc3dde81dd47b0af29bd46e1eef40eea3d85794dea370f77a07751ec2bca6f51b87bbd03ba8f615e537a8dc3dde81dd47b0af29bd46e1eef40eea3d85794dea370f77a07751ec2bca6f51b87bbd03ba8f615e537a8dc3dde81dd47b0af29bd46e1eef40eea3d85794dea370f77a07751ec2bca6f51b87bbd03ba8f615e537a8dc3dde81dd47b0af29bd46e1eef40eea3d85794dea370f77a07751ec2bca6f51b87bbd03ba8f615e537a8dc3dde81dd47b0af29bd46e1eef4140dbcede76518ab6517cb0d86f9cf2ed339af368dcd6637ab77319757d3759420648413c4d07fffd9),
(9788887331499, NULL, 0xffd8ffe000104a46494600010100000100010000ffdb0084000906071413121314121415141417181818171718151416181a151614161715171418181c2820181a251d171721312125292b2e2e2e181f3338332c37282d2e2b010a0a0a0e0d0e141010182b19141c2c312c2c2c2b2c2c372c2c2b2c2c2c2b2b372c2c2c2c2c372b2b372c2c2b2b372c2b2c2b2b2b2b2c2b2b2b372b2b2c2b2c2bffc000110800c0008803012200021101031101ffc4001b00000105010100000000000000000000000400010203050607ffc4004010000103010602050809030403000000000100021103040512213141135122617181d106072332529193b2141533537392a1b1f04272c16263a2f11734e1ffc400190101010101010100000000000000000000000102030405ffc4001d110101010002030101000000000000000000011102120313513121ffda000c03010002110311003f00e52f3bcea8ad58715f93de2388e1fd479142fd6957ef2a7c47f8abef57455aa328c6f3dbd23e2b3cb27d551e6d5c2f3adb55a9f9dfe290bd2b7ded4fceef1543691eceb52c0df6b3ecca3a91357b6f3adf7b53e23fc53baf0adf7d57bea3bc50ae6418e7a1ead93bb368e610d11f58d6fbeabf11fe2a5f58d6cfd354fceef141a9e143460bc2b7ded4fceef1499795619f16a7e7778a1a9a4751d88ceb44dbeac4f16a7e7778a54edf5b3f4b53f3bbc50b4f61d4ac60cc28e76e0bfa7d5fbda9afb6ef15216ea9af16a7e7778a19daf529306b28e768a36fabf7b53f33bc5216eaba712a4ff7bbc50ddca62014676ac16dabf7b532ff0053bc532896669235d805e79d5add551fee2f3e082785d05e1666f1aa98feb773f68a18d91bcbf74d76f6c6284e56b7d119cbf74be8ace4ae9ed8cd891d7b7f949a1690b23397ee89b0dd7c5761637a504eb1309b13db182066af76400dff00c2df370b8388c009048d7225bac7351fa85e73e199cb29cf4279a9a766153d520ba165c2ec0c78648702e10738cb59ed093ee0788f4733c8e9db9a6a776350648f7ab28bb3cf65af46e93d2e8805a40824824bf4036254c5c6f124b223af9724b5cef2d64d41ba79e8a3ed3642c25ae6c1c891da242a8b072535cfb856153705770c725234c724d4ecaa334c880d4934ed025e5780e356184e4f7ee3da2a8a76f07283ef085bd3ff0062b7e23fe62a86bb35ac7b6f8f88e3780cba27de985e03d93ef08278f1f14c42627ae0dfac07b27de15b42f3876589bd60c2cd2126ab90f5c6a1be1dcdf1fdca4dbe9dcdfcbd7d965bb74c1321d2361b7a11902e02399e5908527deae3a97fe63d5e01666e3b15a76531cef169b2f67679bf3209e91d79f6ab1f7b3c800b9d0263a5cf5cd65b02b5c54c62c16fb597197493cc992a2faf1b21da149d9a63178cd5eeadd49cd6ea54b958d51322d1513aac724913232af4fb6ac7fdc7fcc507ba32f5fb6ac7fdc7fcc5052b6fa2b98ed41eeed5025449cd5a192749466a32a24ad57f93b6ae1717815387ae2c3b73e70b3ecb67754735ac69739c61a00cc93a2a203548056db2ccfa6f2ca8d2c7b4c39a750792b2db637d17e1a8c2c7407411b38647b1056cdbbd1146224ecaeb9ee8af5e451a4fa91ac0c84f3299f647d373e9d46b98f1ab5c208eedd472e44da9d87b94dcc9d0a3c793b6ae1710d0a9c38c53876e7d886b3d95d51ae2c697606e2746cd194952b9d8a632ce14842842d47f93d696d3e23a854c1ace1db99132119b3416493725168c94d8b2c107249b0a4a8cdbc8fa7aff0088ff0099c83211579fdbd7fc477cce430d569f42a056adc059c6a3c48c1c4a78a74c38a33ea9596422eebb3712ad3a7a6370613afac40466bb3b43ada6f7a829e215319c05c1dc31480ca76c1087f216c585f68b439d4dbc26b9ac739d819c6a84b5b9ec06ddc897586dcdb4b6ee7dade29b9a703f675300e4370328227295cf56b254a560a75055f4556b381a31962a6d80e3cf29c916b67cbbb062659ed38dafc4ce1d475338da6b530339eb1fb26f3896473ad52d0e3146968d274699ce13d8bc9aaaf166b38b461a55e99b4e1c32d6902349ccc2d7baac77855ab68b38b73e98b3c309225ae907006e860b44a27eb1ef1c5f5558c51c580d4abc7c33f69d1c02a477eaad1c616abbbe9c5a4616619f5853c797189cc99889d942e0b3bacf67a768fa79b18ae4b4345373f11a7ac8989eb85559ee96da9f6aaafb663a749ad7bebba93c970712203666046dcd0ad6a4db50be64f131f18cfad87832401cb06184ae9c26adec2966ce1560c8cf2c6748ef55da9b69e052146defab67a95050240730b5c74041e9444eeaabbae9ab42bda832d1c0659e5b52b89030ec03773d4a3203c97a6d6daecdc6690c2f1eb0204ed33d70b6ee865a45ec4bf1e3e2bf1ce28e149eec18621057ed96b566517b6d4eb653754e1b7102d736a9d8b0e9237ea5a752cb55e7e866f226afaa68c3f06289e19abb9ea51991ca5bcb4d4abc3f5388fc3cb0e3311d5087254ab532c25a4416f4639119428ca8f35fd294934a4aa336f51e9eb7e23be67218e9d88bbd4c56ac7fdc7fcc50b8e755a7d0458765a1e4fb836d340b8c34556124e806302567b9a903ee288f52b92fca4fb6d5a759cdf455aad4b3d591185d22a53c5b8dc2e76c749b6bbbe9d9d956932ad2acf7e1a8e0c0e63c100b49d572567a8dd240db6800a98a24b4ba0963486b8c4805d300cf61f722767a350bc68b6d767a62ab1c2858ea527bc3ba06a16c80d76fa2d2bbefda13617711ad7d7e9d6970184d1b3f0c63e524fe8bc9293439cd68e917101a32cc9d00455b2839918db84e7ac68d31fa110877c77971db5c6efb2b2856b2b1ed754e20ac59304f4708777a85df6f750fac8d5a9677d5753a65b8703a9b8e23d16b620f62e12ce0bded637a4e7101a04493b00ac7183072dfc54acde55dcde37953af4ec7571b19c3acd6d4a0d86b43a47a56b46c40324cc2b6d16ca55aa5e567e2b19c5acda94aa38f41ce611d12eda762b897d3731c03c6125a089d4b5c3223b526c69972ea8518ef7e3a3a54e8d89d67a8e7b6b5a1b583cb6938398ca4067888cb11d96836c145b6afa57d2a8fd1f89c59c7e933762c1835c5392e459657e1c41a4b70924819435d05ddc480aaa4448e73dfef4d4eff00cfc1d7a5ab8b56ad48c38dee741d838923be10a4a9d7610e70220826475aae5471b77fa9b525169cd2519acebd4fa6aff88ff98a15a5177bfdbd6fc47fcc509192e8f79da51972dadb4ad14aabc62631e1ce194c0d441c902520507634fcac674054a66a16705d05accdece2711d3cc87323fb614dbe54d2e992d7bdb8acee230340a9c22fc58da49890e19927d55c6bb6ee5306279108979576366f2aa8b5f278a4814b156e1d2e2d4e1d473dcc734986b4821b333d140d4bf691af67adc296d227134e1e94bdee1d59621aee173d4da9306c3f8519bc9dad8fcada2dab8e2a6b45c5eda6c0ea9c2c7898f0e71869c40e2927a283f266fda567e2711af763703003482c8702c32447ad3b8cb45cd70883a6a88148a317c8edae1bee8e58dfc20c14714e09a8da749ed2d323d492088ce764359bca6a4052269bce1c10c8661a7829bdae34f77632e04cfb2b9514a54835652f95d0d2bffd1963cbf1ba95563ea34364b9ef6b98eda726c754a26dde54b6a36a3431c1ae154010c801c29f0865ec96bf2ff52e5ca708cfb289bd6d4dab5aa5468c2d7bcb80cb21dc8694d09c28c5fea492768cd246005ea26b57fef77cce4085a16f8e356277a8f1d9d3282a8d85b7bd084c027482a26d6cb6391fd1327a2f823f64d0a322e933dcaf6b40884acedc804fdbb49f059ae1caac4945a364e0a30709c28b548a8843af2480f7a4904d0827d530480505adc92502e4954c67de5f6d5bf12a7cca8d5bd9fb22adce1c7af2011c47fcc508e1044191191e7dab4f6d4699ccef2144fe89c659fe9c93cad0760c8f3d7c51762bb9d54801cd6e29c389c0490098cf4988cd094ce7da9318273d3dfd8a256b56a181d86412d0048208d33008509fe7620acd540e89c87ec896d40725970e52a604276984d29d184e5250052c5ee4130534a8ca69c904c949ca04a98cc2224d3ff6924c494025e5957afd751c7fe4508d3ab7ddda8ebd4cd5ac77151e3b462741403b4077f05b7acc1ffceae4540fe8ac709cc0cb71cbad4422961c89e51faeea6cd3ac7f0a6a675eb10a03244a22cf677d490c130093d4d1a928cb3dd3588070c8c8ebb11aa0aa6b23207f84153a559d1939c233199ca3904468d1ba6d1b33165b3869cfb14d9765620c366096982356c4819acd7d4327a4ed64493fc95636a3a7d6767d6518b20ffaa2b7b33de3abf4cc66a368b1b980170f5b48320c44e7de109c7765d277bca98a872924f7acd8c590e0a629ff00fb299da232908de4f62986eb07dea976aa651126ea9283754c82ab7bbd3d6eb7bfe728327321117a1f4d57f11e3fe650cffd8ad3d97f516b8c820e69547cf2949eb5eaddac139e401d4f2036ef553190d39ab4d07652236eced4652bb882097362401ae72139bb4b1c7a606a4f746ca25941461307b0ff00823a926644feab52b5db8f0969d5a39ea7f6438b03b29224027dc63de8c8573721fcd14daed3ad1edbaf504cc120c488312aba7769765220c6131ac8946715465929374570b0c67884619fd510cb10ea320f38d14ace506dfe7f948e79a39f639230bb6074d27449b60cc07380ce0013b6bfb8519eb4162cf4cd2c594efa762bead84818e7ae3756d2b182c24cfab8b73a3b9261d6856d4cb34945ad8d7f9da923212f56115ad00fb6f23f39d10ed77b885de5abcdb5e0eab51c1948b5ce71135448049236eb43ff00e2dbc0641b4be28f05a7b6cbf1c5399a8f72b85baa4fac7fed7634fcd7de1bb297c51973db3503e6b2f0f669757a51ddb2197e3907da1e4825c4efaefb1578b6b9fd171db2394f61eac9752df35b786eda5f14649cf9b0bc241c14867f7a34f723378f2f8e51b6ba984c38888212a578548231ba175cdf3637809e8d2d72f4834513e6baf0f6297c50893872f8e529db9e09388eb3de7556b6d24c0982d988d3bbad74ecf361780338297c51e09cf9b2bc35c14be204a9d397c72afb53888275d74568b5bc88c47fc725d41f3656ff00629fc51e090f367787b14be28f0467a72f8e669dade32c4748ee52168792092729fd755d433cdc5e03fa297c41e09c79b8bc3d9a7f1478298cdf1f3f8e4ea5b1fa623947e9a24db654f68efd99995d43fcda5bcff452f8a3c138f3696ff629fc51e08d4f1f3f8e45ba275d70f36b6fdd94fe28f0494c67d7cbe3ffd9),
(9788887331943, NULL, 0xffd8ffe000104a46494600010100000100010000ffdb0043000503040404030504040405050506070c08070707070f0b0b090c110f1212110f111113161c1713141a1511111821181a1d1d1f1f1f13172224221e241c1e1f1effdb0043010505050706070e08080e1e1411141e1e1e1e1e1e1e1e1e1e1e1e1e1e1e1e1e1e1e1e1e1e1e1e1e1e1e1e1e1e1e1e1e1e1e1e1e1e1e1e1e1e1e1e1e1e1e1e1e1effc00011080073007303012200021101031101ffc4001d000100010403010000000000000000000000050102060803040709ffc4004f100001030302020408050e0d0500000000010002030405110621123107134151142232617173b2d108152394b1161725263435455253558193c1d32433363744545657629195a4d263748392b3ffc4001b01000301010101010000000000000000000001030204060507ffc4003311000201020304070607000000000000000001110203122131040551f01314223241a1b106618191d1e11643547192c1d2ffda000c03010002110311003f00dcb4444018c6ab38b8c7ea87d2543f58d73416b811e652bac1dc3728c77c23e972c365d3965908e2a33b12ec095e064e33c8f995e886b326d664e878ef556c8d2e2c0e05cddc8cee140374dd94bdce34f312e183fc264ff92be4d316391e2475112fe06b09eb9f92d68c341df7c01f4f7adc51c5fcbee3489d2f0a85ca04697b187be4148fe27733d7c99e79dbc6d94cb8e06cb0d2f01a2af76cb8b8bd2ad95dda55a1fb79d35265a2f2f56f176657197ee55bc67b52cc507a82222815088880088880310d6840bb45ea07b4e5a797fe9caae92f75d48da2bc910d43e305b786b46ce2361d46cb70b5b7df58bd40f69cb47f50f481a4a0bfdc2193a2db14ef654c8d748fa87e5e438e5c76ed5e8f7159a6ebab15bc7a78c7f689bd491fafd56ff52bdffad37f70aa3a7badc7dc57bff5a6fee163e3a46d21fdd369ff00d7bfdcabf5c5d218fe69b4f8ff00ceff0072f45d4ad7e9dff25fe80dbed197275d747d96e6e1235d594104e43dfc6e05f1876eec0c9df9e067b94a97281d0353056687b155d3d247470cf6da7923a78ce5b0b5d1b4860f301b7e8538770bc2dd5171a8f13525923b6c2e30edb18573b0acdb852932da2d71efc856e7ce8e1de55a71de948e51eb4888b98d8444400444401876b7cfc6d16397503da72f9b3ab7f95375ff00bc97db2be946b53f6562f503da72f02b8fc1ef42d6d7cf5b354dec493c8e95e1b52c032e3938f117a3dc5b7d9d8dd6eef8c126e19a83c916dc37e0e5a03b6a2f9f3a67fc15b55f079e8ea9a2eb27adbd46cce32eab6019eef217a2fc43b1be3f21499f74561df5b4d2fbfe08a5ff00e4d5931e2c76ac12c96eb651514169b66bbbd4505142218a1e2a6cc6c8d9e4f8d0e4f0b46f9dc76aee4f04303dad975fdf017024102988c0e2ce488303c9773fc53dcbc65db58ee54d3d5f07f4352654fc92a801c2c65b6e2fae7d1b35c5f8d430f0b998a60738cfe437d88e5debb234f571c7db7dff00fdb7ee54ddb4b5abd7e865b265e1cad21ddaa1ce9faefed75fff00db7ee54a5ba9df4b48c825aca8ac737399a7e1e376f9df8401e6d829d54a5a391a67b02222e52a111100111100621ad1a4dda223f203da72f2fadd7f68a699f1c8d7e639cc2fc3d9dce3b6fbbbc53e279476db719f4fd6ce2dbb458fc80f69cbcfae7a56df594f4919966864a49df530cb1868736571243f973071e9c60e465766cfd1fe610ab5391daa28a38e5a8960a86d282f6c1360113bd8fe02d68ce73c5b0c819e636dd456b0badb27a1a48afb4d5948e756f83b638aa5996c8e8dc43b2d273e2870c79cec765cb5761b6413f80d6dd6b7a8b83e58e8a9b0dc534af26573d8e0dc820b496f11206703980a32d568b2ddea7ac173b89ba493f87b2a9d4ac85d2f56d310734067090d321cf6e5dbec405d56e8b74f6b3f3e78cf902676c8d25371ba99cfa1754dd5d40648216b0f5a622ce01969f11cddc1e59764156c955a39f1cee64f2b1930849e0070ef087cb0b5c36ff13c9ee1827cf1515ab4545484326aea1b7ba95ce64a18591cce8e1903aa1aec67ac0c738f16d9e104670bbd5d6ed3b240d0e82e8da891d52da5819106cb1b5f1b438b5bc835a0820bb913dfb2dba69989ab9e7e033bd595f6ea6ba5c2be999595d534758c8dd065ad687ca1b102cc81c40b870733e335c36c15dd3a9e02656d3524f50ea6329aa0d20752c8e57c65e73cf2637e00dcf0958a57334edb6692a2db5b74a2ac8a015f5b514d4d13a49c3cbdc1f236469cb81748761b64f99766686d82be5a66d4df2db2b9cd1584c31e268eaea5dc11bb20e3e51ef00b705a38b749daa5a533cf39471cc4c989b5bd97e2b9ebe27492c70baa1af6f0969f91648f277ec222760f2cf9c153362b84577b4c370a7742e8e5ce0c53b256ece2367309079761f3285add17669e81b49f2f186b6ad8d918e01c1b51d6713796081d6bb8720e3f49ccf5bd9353523219eb67ad91b9e29e66b03ddb93b8635addb96c0725cb755ac3d8d40f604445c25c222200222200c3b5b0fb2d17a81ed396192df2c8c7963ef16f6b9a7041a96020f773599eb638bb45ea07b4e5854fa76c1248647d8ed8f738e5ce348c249f4e1755ac11da2156a455e8e9abb54c5533ea2a48e48034c1c158c02378787878df73968183b617069f8f4f5a6a85449ab69ab1d144f82999254c2d6c11bde1ee038704925addc93e48e5be6719a6f4f7e61b5fcce3f72abb4e69f00e2c56bf9a47ee5d3d2d1870cb8f80918b32dda59d1f81566aca7aab6450cb0d2d1baaa16b606c8c2c3870c38e18e735b93b02799dd5c692c3d489beade97e31123dc6b1d253713d8f635ae63d98e170218d276ce467ccb21a8d396774644168b5c4ff00c634719ecf47a171d1e9ba18e4cd55bed32b307c56d0c6ddf6c1e5e95ae9e9d65f90cc645af47c6d9e266aba3114f6f6d0c81d530171038bc7e2c643897938181e652770a9d29595d355c9a92dcd7caea42e0dac8b03c1e674aceded2ec1f3772f18e9274b74ab26b8ba3b4cda5c2d0661e0a226d335bc3c23903bf3cac78692e9d3f35cff00fb52fbd7d6a777d172955bbf4a9f7af7033669fa9b4de0fdb05a7e791fbd77e8aae96b69db514753054c2ef26489e1ed38383b8d96abfd4974ebdb6ea8fd652fbd7be743545a8e83415252ea989f1dcdb2ca646b9cc2434bc96f91b725c1b6eefb7b3dbc74dc5539d139036351117c32e111100111100623acdb9ba467fe80f69cb1f9005926affbe71fa91ed3940bd5e97911a9667131bdeaaf68c2bd8aafe476dd3912475f877caaf0e42e418caae1121069174f55f5d0f4bba8628ab6a58c6d48e16b657003c46f66560df195c4ff004faafd73bdebd03a7ab35da7e97b50cb4f6bad9a375434b5ec81ce69f936f2202c23ea7efdd964b97cd5fee5fa76c4edf56b731dd5e836757e30af3ceb6a7f5aef7adbef8314924bd10d03e591ef71a89f771c9fe30ad4c1a77501fc0773f9a3fdcb6ebe0cd495347d12d0c1594d353ca2a272592b0b1c0190f615f1fda3747555863bcbd181b38888bc096088880088880316d5cde2b9c7ea47b4e50a63c7353baac66e31faa1f4950e5a55a94e09d5a9c4d66e8e6ec574a696f0d99cd8adf4ef665dc24cf8246f8db1dbb7a32a924d79e025b6fa6271cbc20fb953030456f154db65a2b2e2f8cc829a07ca580e0bb841381fe4a1f43ea2a8d450d43ea2df1d198446406ce250e0f693cc018f473f42ee55b2ef5b4735255daa91f04cd31c8cf093e334820ef8f47f995c365b54f6664d15aec9454d1cce123f86a1c4976307248e40631fb32a94d14f46d3ef7eff00709265eddd5380631fb17558ebb9959c74b4c19c5e361e72064fecc1fd2ad125eb2d068e900c0e23d69e7dbd8a6a87c41b3b459dd8540d5c913647460c8d0d7e3c600e4655e1bb6e161a608f464445028111100111100639a9feef8fd50fa4a8ac222bd1a12ab52d206792a1030889a028d5710111086719f282380444ccb2981bec9818e48890233f4445ce58222200ffd9);
INSERT INTO `Descrizione` (`libro`, `testo`, `copertina`) VALUES
(9788896477670, NULL, 0xffd8ffe000104a46494600010100000100010000ffdb0084000906071313121514131415161517181a181918181919181e1c181c1a1d1a1d20181a182228201b1a251e181e25312125292b2e2f2e1c203338332d382c2d2e2b010a0a0a0e0d0e1b10101b2f241f242c2c2c2f2c2c2c2c2c2c2c2c2c32302c2c2c2c2c2c2c2c2c2f2c342c2c2c2c2c2f2c2c2c2c2f2c2c2c2c2c2c2c2c2c2c2c2cffc000110800a000a003012200021101031101ffc4001c0000010403010000000000000000000000040002050601030708ffc4004210000102040305040607070305000000000102110003213104124105225161711332819106a1b1c1d1f0142333425272730734356292e1f12425531563a2a3d2ffc4001a010002030101000000000000000000000003040001020506ffc4002b11000202010205030305010000000000000001021103213104051271c14151a123338115225261f014ffda000c03010002110311003f00ee30a14288420bd3823e818870e3259db51ac70956211ff1ff00ec3ffcc776f4e5be8189cc481d997203901c583873e31c3558a4be6ca33588619660d5c7dc2df87d46ea710f541200933128ff008db9e727d4c04315398f7524789f7c657250a3baa09fe55bd3a280650f231b92a908ba4ced0b132523814d0a8915a961c8c2dd48d9aa5e28025d00b558123afa8c6cc40cac3356eeee08203311a353c3943311251944c979b23e55a54428a5ec5c00e141f40c524569199ae65241bcb514eb51de1ed3e1d6337ad904998c7c3e7d505c89be3ba0742e5bd9eb80708a72126ca2cfc09a3fafdb0421050519a80ddb868fe47ca3137e85a0f0bfac572153c435bc6d13d875854a4940dddedda6e9a66ef6950dd4718ade20ba2e3334b34d424107da0c4c6c4c40600d412a0a0ce18a6943d2dc213ccff6d9a449eca26a186774f423c78c4d60e60ae63a277c52b56f088ed9b29a63dc652e3937dd3a8a53ac1a804e749bb802ba308e6e59db344b61c10082aaf2e0e4d846659198d2e377e0fe71a89b51c801c72e03a718ca8864a8862d716af107af1857a8b34ac2b2f20a2e1b43a79529173d9bf6697f9ac566687259f7802d46af991165d93f628e91dbe492bcb2ede40e5d82e142851e9800a14285108437a6320ccc14f40049521992cf522cfac7183e8b62aa0ca5386620a58f1d7c478c772db4b0990b2480000e49602a2e4c540ed692c3eb657f5a7e31c5e67c4e4c534a0af40d89268e613bd17c5962242ab7aa6fe71895e8c631fec175e69bf9c75299b4a490fdaca653d73a7bc9676add88f38d036ac8ff009a571efa7e31ccfd433ff0f8617a51ce709e8ee2c38561d6410c58a5c8376ade808e91b657a2d8a0e93255c9419949a8e3467f747433b4e483f6d2bfad3f180e54e3da4c523192f290e943a484817ab9f36a445c6e695dc52fc32a914ac17a273dc9992d605993f17f50f50730fc4ec5c5cd99314ac3ac151cc0001872e8deb11723394ffbdc93437c97a9ab1b7c358212a5e60b4e265592149dd21c33a8568ec69f229f1593775f25d14a9bb1b12727d4ccee00296ab97f3895d85b1e6242f34a981d88749d013eda78c591299c07dbc926b7035666e4cfa5696a9822676eea32d7298924025f75804814605dc92491009f11292ad3e4841ec5c24e4e64aa52dbee9621b8b3f1a52251384999c302524e676635038f4b4486084e0a19d72ca6b980bb96603902f0785423972beaf42c8499226198a2c5aba68d042a5166651be8dc224c18c8303ebb2591dd917763dd035f97ac5976425a4a070111713381ee27a477b90bfab2ede4165d8df0a1428f520050a1428842bfe9ff00f0ec4fe99f688f3da8c7a0ff00683fc3b15fa67da23cf2b35d215ceb50903748987b3205d2aed13e01940f50dfd303a9234d0d3a1a885879c5350da1b3b11f3e30563425f3200085540bb710f7605fc1a147a3080a53476a5208c11adda8534a5c52d0c96458d1f5d3953957d70a492141fad0b3b1e3a6be7197ae8432bd28294f3feef04ecfeecc14629ff0cd73ca35291456a47b8b5393343f0e8ab71b73a5ff00b72bc0e5b164de111f54c589dd6a39342031e0cfe620ec1c966a519ad4e2dc98bc0db264e626513942921cdd986625b900626b058996e08960219fbca05f473625f9473334aacda372d6028002999decf7d34ef448ecf5b034b903856af4e36f3807118720a8a14921cb581f10af9ac1b2900bb94a6800037ad7a0a0b3dc6b1cf9d3468dd844801638a837918270c874378f9c6648490c093570e01d2f43cc46c9696571f80b42f26437b69d79308b3ecc3f549e9ef8aa660f5d5ef169d91f628e9ef8edf20fbd2ede40e6d832142851eac5c50a1428842bdfb411fedd8afd33ed11e7758b47a27d3ffe1d89fd33ed11e7d984b9a03f887869d47ae15e21d30900548a91c6d13be8bec65e2c9968ca320515295dc4a0804159e0e0d0441ac5bdad7fef13fe85ed39728e225cd2532f1124ca52c0cd90beea88d52ea63d616694b7346cdb7b0f24aeda54c933a4a8e5cf249ca169ab106a92c49e70dda1e8dcd9385958a594f67319d20d5214f9097d14c7d91218ec2e0e42a5ca97396b5aa73621690a4a25ca5829c850aef2aec7400f27b227d2ac2cf9f8a9294766172c265cd2bcd9bb07ecc224943072a535ddfc22ba56a4b652f1bb2552d1267a949527139c259c552c0e67e2482f066c6d80a99244f5ae5489415952a9abca14aab80c1cf8f389f9389c2e270f864a97225095daf69256898b60a527b8535410d7d1ed03ae6e1f152254a13d18638698b1bf99495a6653326c5dd268ae3ce05d0bd7dbe7d8bb33b23634e18decca59494efd77420a58a81fc357060a4ecfece595e6973657e296a719c0a025a943e50cc0e370c276265a16b126749ec84c592a2d943298d7b3770dc1b4890da38b40c37629589ab98a054b405650947350aaaa90c214cb820d37dfd76adbbd96a4c7ed4c3e5294280072a5d896ee83adba46f93b2cbcb05484a961d08528256a1c81f9ac3b6d2a52ca9626a2c864b2892c900866b98297324aa709a668496405259599d0180000de0eedd4c2ff00f2c14da7aaf4d56beeff0005f53a19849243299a84793df8708265016d05a33266120a8862b2a531b80a24805b5667e71aeb4f9a6948e2e6494da4ed26116c35686abd03d39de2d9b212d250397bcc54c2b9785e2dbb24fd4a3a7be3b9c83eecbb79059b60b850a147aa17142850a210af7ed07f8762bf4cfb4479ea68600f51e5f11ec8f43fa7dfc3f137fb336aea23cfabc425f364e412e5852e0ddc73777f085388bb41200cc124a4d43de2e9fb3b5a248c7ae6a04c969c302a453790565c0f07f28a64c94e97493bba1bb71fe602ce395237ecdda2b94e12b212a0133006de4120905e174e9d9a68ec7b2b67897f404898998813a6aa5ccd5728cbdcaeaaca403f94c54fd1fc2b61768152774ce9090e351394e03ea1c7988afec9c74d0a4c8334e5415a109272e552c10e9235cc055e8fce1f8fdbb8bc4a1289d3ca85149054000a4f109b90fad880d197920993a59d726e1d1f4cfa5650549ff4f4fc466200279e457908834e3e5c89129e6f60153f1419127b52bcb30f23940bdb808a46c9dbf3d4b3da4f5a9e62661ca1f7fb81540051c52c5ad0ed9fe946264ba1136601989a94f794a751ee9672fab449e685e88ae865f366cc070f272cf12ccd9eb0262a52095bbb0ca03201e76a0bc3e6142d3884e4ecd2313292c5810094857e57a9e86298adaf31484e7513bca2c450ad5de3c2cd4e71312f1f3277692e6a8b9659b1048059c35a80de12c9c46351a6bfda9be864f62f11333cf9699682840584208080909019454c4ddc9e228dac1499c53353293972649648ca0999981751274b50738819b8e98b97955316a410014b8622cca2d988e4f50636c9da53804a44c52407146f06241297e5c2177c562b7afc2d17b17d0c9859efb11bb314915fc2a68182bbb5a01eb786ca2132e5816734a9f326a7581f3503d9ebcbac713254a727154ac22d828a3cbe445bf63fd8a3a7be29d267508372fea8b86c753c9474f7c76f902fad2ede4166d836142851ea85c50a1428842bff00b403fedd89fd33ed11e7759bf38f447a7ffc3b13fa67da23cf0b85788dc2436189510c4694f3ff00119525c96bb7f50e3d7e74862af18456c6b71f08568206aa53a88fc680a1a39676bf10608c64ced112e75331252b3ff70007311fcc189e60c06a53250b4d2a7c0820fbfca0c2c02d3412e6e558d5882a018f0495287480c8b2c985dad810a927b0090ca0b191c82c8704956f1cc9510a228fe4f9b8dc1a1922402a46604290eea095b1517de198a0b68c6dad4b0caa80ab3bf8fc88367bb825df71df8b33b7837808a9646994a28b6c9c6c9ec8240ca4a1492022cb2801ca82b7c12e59ad483c6364e7640604a14964e5b26602e2a0a8923cdb99aba43a007aa74b177ffcb4ac48e1559b213de0c0f577af94219b2b7169a46d449ac3a01a834297f2a910e49198d286c3835fdb01e1d6525240b8a836d47a8d20a9132a065ef03a9e14a472a4a8d0528901b40057adbc6f0e1cb4a1f5b7cf286acbd09e2dc21214c7ab7f7811613945797b1a2e5b1fec51d229e97de8b86c5fb097d23b7c87eecbb79039b60d850a147a917142850a210aff00a7ff00c3b1347fab3ed11e7b9f2882c75b7b1bafbe3d0de9da09d9f8901cfd59b07d4691e7fc502b482d6a3ddd57bea480fcfc213e25d490486c05cc7cd232cc69e1d61cb494d4f006da1f88a83ac6fc761bb35a920e64beeab4e20f2a110b36ac20ec2b144c459f2ad3d438f5a544780823658ed12a94f56265fe6be5ae8a6f30207c22159f2a43ad4e901892e6a0002e5c7b20c3b267254a065292c9ed0a48b20d090f7625a9019d16330b3921417912a201052a7fea6e23f0c4d2f141213fe9e5aa8a49ab12120559b505f5ac43e207683b4fbc5404cfcda2ba283d78823841f3559c29550e52abf757dc3ec0c79340e5368ba24e463505d224cb4952480a04d1ebad3879c670f30300439670757d01e4e3d711d829940e03bb1ab56e082d43535afba24e7c866bd43d9883a86ebee84733b7a9a44ca539e80ef0553a18c496dd297143c3f2f9d606ccc41d490a0fd01a9e7f183552c0a3d6b7e0dba392aa7d508495166e2edc8d6967f87282249703313d6efd41b7581f04014906aded3631b249a33017a795e00cb240a80a316d78bc5b76417928e9ef8a7768fe5f3e1170d8a7ea25f4f7c76b90afab2ede40e6d836142851ea45c50a142884217d34985381c411708e0fa8d2385fd1d45e4897499956840583520b1428dff0b5cdaf1dcfd35501819e487192be623824d53a152c8fb324a4f2cdbc3a7de1c0bf18438b5fb905c7b1a31730cd08be70967fc4902cdf893eb7e5574c9c14e72a2c2801a114e3044dc51cc2610e265540537d2778a4fdd5824281fe6e701ac972b4b50ef30617b81f84f0d1e15a081bb0140ccca5939d2a96eecd9c302fa07a1e44c15e8de255257d94c49094a99683460a604f04b16aea15c1a23e4a37d26587516dd6773c073f6889044ced10a44c2334a5a52856a65a8ad2524df282c527476d6819abbf620ec3ecb5cb9d907d62331428a6a523333a922a08201e14a182305b3a60052a4e52c52ce94b907f9882412206db1843da226285559336bbe007f315f386215be955a8527a86152788630295c9168270d2480b96a05c5c58a54935f03ce243053f2862094a8249160cd71c0d6f19918b2b5096b627280852a852ab6527543860f6a40ea55beeb711ccde169eba3344ee1b1090a484a02682aa255ae9600f382be90529494ee925409bd882c1edde73fda2264286649001ab7cf941f87008520d41199c68a1c3c287fb4273822c96c3cfcc9de19b42f71e3f187270f424177f03681f013dc000d85edf36bc112016527c1af51c7c21592a6436a64961403a91e316fd8e3ea51d3df14213054fcfcfc62f5b07f7797f97df1dce46ab2cbb79039760f850a147a7002850a1442109e9acb2ac0e200a928a0e6e1a385cd96404af2b94eeac3681446f0e6291dd3d34511819e45c21c750437ae3884c019491dd98e4727208e54296e358e7f197d482e3d817b10954c96b3f56a53855ca0beea80d5c1a8171d046dffa54f4a82d328cc1c6583310b0431aa38ea286029c9a8e20942ba834f31ec86a16520292487b804876e2dd75859a7e8109132be8f9dd4ea292128a1201d567ee90096d4be90c494a16b0a24cb53a16d5396e1406a410edab738c20854b2e2c2f62c4b1a8f5bf0864c92d983beafcef6e35f6c0d7f642767496084af282a01055f749077176a02f7e0a8027c820acb14949208d4106c07478766cd212dde404bd2e33280bf070fc730e1160d952c4c9798cb4aa667c8a52897ca9a529a3f8b08c63c4e52a446e91048fb4018005debc598bf2715893c44bce91335037c8d0bf7bf293e47d63edbc3044e999401972829a06a07a0e62bc1a1b849c5290a492f6e046be46b00cd8da66930f948029cb83f8ff008893d8d20d4d3baa487a3a88341cfa40982c6bd0a65d8b1c828747161ae91b7b7533a8bd4149e196bbad6ae908e44f62cdb80530b9e029c47b626a4ad2fcd872bd81e05a23f152b22d4ddd2a5871a568fe1ea8df855e62001bcdd680dba8d2169abd4b1a5003868bc6c1fdde5fe5f7c52e60dfcce2af987ce8f175d8496c3cb0ef4bf8c767927dc976039760f850a147a5002850a1442109e9afee388ab6e12fd0831c3b109050401bcea61c8b4c49059e8c7d51dcfd31483829e0d01433f0a8ac71718120a1f2b80937a2d2c52729d68c611e2eba905c7b006324b9253544ca83fcf42c47104b7457380504b1040e3e3c5e252486250416a666ba54971992fa8734d59a198ec2b2c2beeac660a162f76a59dc35c42cbd99b2425e230c545a42ea484ef5efbaef52c45798a18c622761f3b094b49342accee9ca4513a1720df4d2b11f2f0aa291baa25cd83bb337f9e71233b67ab3655b777302480402e5989d0d22a53d4944861e6e1ccb40129612f325975bd084acd350589e592065e2a5cb9885a65cc1bca537684a1419a9c9c024ea294a4670582504a92588cc95ba4bbb660a008b77b5e9022272924a26071474974d406749fbabb87f371035376ea8944c63932014ac4a98433ee976483c5ec5ddf4fe6704311d8e4252837a313729395c3d040a52a4042e5a8b0345545eaca1f715caa0d5a0e94bed1f3eea8005d9c11998ba4772f714e420329cab645d1bf0dd8a989429d8dcb8b5f4d5e9cda978dabc484a771052af70e577b17864ac2a4a92ea046661def10cdd232aca000d9d865772051bc543a910bce5d5a57c1741937124cc5b6f3294697be87e306ca96c4825194060ce7d42df2d11eb98ee0a9812e583876176ebac665a549a8e029c0574e109cb19a24e6ce4d144177234af12dcc1f7c5d363fd8a1acdaf58e7e549cac4b1a65f3a31d0d4c5f76097c3cb3cbdf1d4e4d1ac92ec0b2ec1f0a1428f4400ffd9);

INSERT INTO `Editore` (`id`, `nome`) VALUES
(1, 'Libreria Progetto Padova'),
(2, 'McGraw-Hill'),
(3, 'Wiley and Sons'),
(4, 'UTET');

INSERT INTO `Insegnamento` (`id`, `nome`, `corsoDiLaurea`, `universita`, `anno`) VALUES
(1, 'Analisi matematica', 'Corso di laurea in informatica', 'Università degli Studi di Padova', '1'),
(2, 'Architettura degli elaboratori', 'Corso di laurea in informatica', 'Università degli Studi di Padova', '1'),
(3, 'Logica', 'Corso di laurea in informatica', 'Università degli Studi di Padova', '1'),
(4, 'Algebra e matematica discreta', 'Corso di laurea in informatica', 'Università degli Studi di Padova', '1'),
(5, 'Sistemi operativi', 'Corso di laurea in informatica', 'Università degli Studi di Padova', '1'),
(6, 'Programmazione', 'Corso di laurea in informatica', 'Università degli Studi di Padova', '1'),
(7, 'Automi e linguaggi formali', 'Corso di laurea in informatica', 'Università degli Studi di Padova', '2'),
(8, 'Programmazione ad oggetti', 'Corso di laurea in informatica', 'Università degli Studi di Padova', '2'),
(9, 'Reti e sicurezza', 'Corso di laurea in informatica', 'Università degli Studi di Padova', '2'),
(10, 'Algoritmi e strutture dati', 'Corso di laurea in informatica', 'Università degli Studi di Padova', '2'),
(11, 'Basi di dati', 'Corso di laurea in informatica', 'Università degli Studi di Padova', '2'),
(12, 'Calcolo numerico', 'Corso di laurea in informatica', 'Università degli Studi di Padova', '2'),
(13, 'Fisica', 'Corso di laurea in informatica', 'Università degli Studi di Padova', '2'),
(14, 'Programmazione concorrente e distribuita', 'Corso di laurea in informatica', 'Università degli Studi di Padova', '3'),
(15, 'Ricerca operativa', 'Corso di laurea in informatica', 'Università degli Studi di Padova', '3'),
(16, 'Tecnologie web', 'Corso di laurea in informatica', 'Università degli Studi di Padova', '3'),
(17, 'Ingegneria del software', 'Corso di laurea in informatica', 'Università degli Studi di Padova', '3');

INSERT INTO `Libro` (`ISBN`, `titolo`, `editore`, `prezzo`, `anno`) VALUES
(9780471438090, 'Applied Combinatorics', 3, '185.78', 2007),
(9788802051772, 'Storia della civiltà letteraria russa', 4, '160.00', 2003),
(9788838665158, 'Introduzione agli algoritmi e strutture dati 3/ed', 2, '62.00', 2010),
(9788838665899, 'Geometria analitica con elementi di algebra lineare', 2, '29.00', 2010),
(9788838668005, 'Basi Di Dati-Modelli e linguaggi di interrogazione', 2, '42.00', 2013),
(9788887331499, 'Calcolo numerico-metodi e algoritmi', 1, '30.00', 2015),
(9788887331943, 'Appunti di programmazione ad oggetti', 1, '22.00', 0000),
(9788896477670, 'Calcolo numerico-esercizi', 1, '22.00', 2015);

INSERT INTO `LibroInsegnamento` (`insegnamento`, `libro`) VALUES
(4, 9780471438090),
(4, 9788838665899),
(11, 9788838668005),
(12, 9788838668005),
(8, 9788887331943),
(12, 9788896477670);

INSERT INTO `Ricerca` (`testo`, `tmstmp`, `utente`, `libro`) VALUES
('Cerco libro per corso di algoritmi', '2015-07-03 07:07:22', 'marco@email.com', 9788838665158),
('Cerco libro di programmazione', '2015-06-03 10:09:14', 'email3@email.com', 9788887331943),
('', '2015-04-03 14:15:14', 'email11@email.com', 9780471438090),
('Vorrei aquistare libro di calcolo numerico', '2015-05-11 13:14:13', 'email7@email.com', 9788887331499),
('cerco', '2015-07-03 21:23:23', 'email4@email.com', 9788838665899),
('cerco libro disperatamente', '2015-07-03 15:45:50', 'email12@email.com', 9788802051772),
('Cerco libro.', '2015-07-03 15:45:50', 'email3@email.com', '9788896477670'),
('Cerco libro nuovo o usato.', '2015-07-03 15:45:50', 'email13@email.com', 9788887331943),
('Cerco libro possibilmente senza sottolineature', '2015-07-03 15:45:50', 'email14@email.com', 9788802051772),
('Cercasi urgentemente libro usato. Prezzo da concordare', '2015-07-03 15:45:50', 'email16@email.com', 9788887331943),
('Contattatemi ore pasti.', '2015-07-03 15:45:50', 'email15@email.com', 9788838665899);

INSERT INTO `Universita` (`nome`, `indirizzo`, `telefono`) VALUES
('Istituto Universitario "Suor Orsola Benincasa"', 'Corso Vittorio Emanuele, 292 - 80135 Napoli', '+390812522319'),
('IULM - Libera Università di Lingue e Comunicazione', 'Via Carlo Bo, 1 - 20143 Milano', '+3902891411'),
('IUSM - Università degli Studi di Roma "Foro Italico"', 'Piazza Lauro de Bosis, 15 - 00194 Roma', '+390636733599'),
('Libera Università degli Studi "San Pio V"', 'Via Cristoforo Colombo, 200 - 00145 Roma', '+39065107771'),
('Libera Università di Bolzano', 'Via Sernesi, 1 - 39100 Bolzano', '+390471315151'),
('LUISS - Libera Università Internazionale degli Studi Sociali Guido Carli', 'Viale Pola, 12 - 00198 Roma', '+390685225310'),
('LUM - Libera Università Mediterranea "Jean Monnet"', 'Strada Statale 100, km. 18 - 70010 Casamassima (Bari)', '+390806978213'),
('LUMSA - Libera Università "Maria Ss. Assunta"', 'Via della Traspontina, 21 - 00193 Roma', '+3906684221'),
('Politecnico di Bari', 'Via Edoardo Orabona, 4 - 70125 Bari', '+390805962111'),
('Politecnico di Milano', 'Piazza Leonardo da Vinci, 32 - 20133 Milano', '+390223991'),
('Politecnico di Torino', 'Corso Duca degli Abruzzi, 24 - 10129 Torino', '+390115646100'),
('Scuola Normale Superiore - Pisa', 'Piazza dei Cavalieri, 7 - 56126 Pisa', '+39050509111'),
('Scuola Superiore di Studi Universitari e di Perfezionamento "Sant''Anna"', 'Piazza Martiri della Libertà, 33 - 56126 Pisa', '+39050883111'),
('Seconda Università degli Studi di Napoli', 'Viale Beneduce, 10 - 80138 Napoli', '+39081296803'),
('SISSA - Scuola Internazionale Superiore di Studi Avanzati', 'Via Beirut, 2/4 - 34014 TRIESTE', '+3904037871'),
('Università "Ca'' Foscari" di Venezia', 'Dorsoduro 3246 - 30123 Venezia', '+390412348111'),
('Università "Campus Bio-Medico" di Roma', 'Via Emilio Longoni, 83 - 00155 Roma', '+3906225411'),
('Università Carlo Cattaneo - LIUC', 'Corso Matteotti, 22 - 21053 Castellanza (VA)', '+3903315721'),
('Università Cattolica del Sacro Cuore', 'Largo Agostino Gemelli, 1 - 20123 Milano', '+390272311'),
('Università Commerciale Luigi Bocconi', 'Via Sarfatti, 25 - 20136 Milano', '+390258365820'),
('Università degli Studi "Gabriele D''Annunzio"', 'Via dei Vestini, 31 - 66013 Chieti', '+3908713551'),
('Università degli Studi "Magna Graecia" di Catanzaro', 'Via Sensales, 20 - 88100 Catanzaro', '+390961515111'),
('Università degli Studi "Roma Tre"', 'Via Ostiense, 159 - 00154 Roma', '+3906570671'),
('Università degli Studi del Molise', 'Via De Sanctis, snc - 86100 Campobasso', '+3908744041'),
('Università degli Studi del Piemonte Orientale "Amedeo Avogadro"', 'Via Duomo, 6 - 13100 Vercelli', '+390161261545'),
('Università degli Studi del Salento', 'Piazza Tancredi, 7 - 73100 Lecce', '+390832336111'),
('Università degli Studi del Sannio', 'Palazzo S. Domenico - Piazza Guerrazzi, 1 - 82100 Benevento', '+390824305001'),
('Università degli Studi dell''Insubria Como', 'Via Valleggio, 11 - 22100 Como', '+390312389243'),
('Università degli Studi dell''Insubria Varese', 'Via Ravasi, 2 - 21100 Varese', '+390332219342'),
('Università degli Studi della Basilicata', 'Via Nazario Sauro, 85 - 85100 Potenza', '+390971201111'),
('Università degli Studi della Tuscia', 'Via San Giovanni Decollato, 1 - 01100 Viterbo', '+3907613571'),
('Università degli Studi di Bari', 'Palazzo Ateneo - Piazza Umberto I, 1 - 70122 Bari', '+390805711111'),
('Università degli Studi di Bergamo', 'Via Salvecchio, 19 - 24100 Bergamo', '+39035277111'),
('Università degli Studi di Bologna', 'Via Zamboni, 33 - 40126 Bologna', '+390512099111'),
('Università degli Studi di Brescia', 'Piazza Mercato, 15 - 25100 Brescia', '+3903029881'),
('Università degli Studi di Cagliari', 'Via Università, 40 - 09124 Cagliari', '+390706751'),
('Università degli Studi di Camerino', 'Via del Bastione, 1 - 62032 Camerino (Macerata)', '+3907374011'),
('Università degli Studi di Cassino', 'Via G. Marconi, 10 - 03043 Cassino (Frosinone)', '+3907762991'),
('Università degli Studi di Catania', 'Piazza dell''Università, 2 - 95124 Catania', '+390957307111'),
('Università degli Studi di Ferrara', 'Via Savonarola, 9 - 44100 Ferrara', '+390532293111'),
('Università degli Studi di Firenze', 'Piazza San Marco, 4 - 50121 Firenze', '+3905527571'),
('Università degli Studi di Foggia', 'Via IV Novembre, 1 - 71100 Foggia', '+390881338415'),
('Università degli Studi di Genova', 'Via Balbi, 5 - 16126 Genova', '+3901020991'),
('Università degli Studi di L''Aquila', 'Piazza Vincenzo Rivera, 1 - 67100 L''Aquila', '+3908624311'),
('Università degli Studi di Macerata', 'Piazza dell''Università, 2 - 62100 Macerata', '+3907332581'),
('Università degli Studi di Messina', 'Piazza Salvatore Pugliatti, 1 - 98122 Messina', '+390906761'),
('Università degli Studi di Milano', 'Via Festa del Perdono, 7 - 20122 Milano', '+3902503111'),
('Università degli Studi di Milano-Bicocca', 'Piazza dell''Ateneo Nuovo, 1 - 20126 Milano', '+390264481'),
('Università degli Studi di Modena e Reggio Emilia', 'Via Università, 4 - 41100 Modena', '+390592056511'),
('Università degli Studi di Napoli "Federico II"', 'Corso Umberto I, 40 - 80143 Napoli', '+390812531111'),
('Università degli Studi di Napoli "L''Orientale"', 'Via Chiatamone, 61/62 - 80121 Napoli', '+390816909111'),
('Università degli Studi di Napoli "Partenophe"', 'Via Ammiraglio Acton, 38 - 80133 Napoli', '+390815475111'),
('Università degli Studi di Padova', 'Via VIII Febbraio, 2 - 35122 Padova', '+390498275111'),
('Università degli Studi di Palermo', 'Palazzo Steri - Piazza della Marina, 61 - 90133 Palermo', '+390912388647'),
('Università degli Studi di Parma', 'Via Università, 12 - 43100 Parma', '+390521032111'),
('Università degli Studi di Pavia', 'Corso Strada Nuova, 65 - 27100 Pavia', '+3903825041'),
('Università degli Studi di Perugia', 'Piazza dell''Università, 1 - 06100 Perugia', '+390755851'),
('Università degli Studi di Pisa', 'Lungarno Pacinotti, 43/44 - 56100 Pisa', '+390502212111'),
('Università degli Studi di Roma "La Sapienza"', 'Piazzale Aldo Moro, 9 - 00185 Roma', '+390649911'),
('Università degli Studi di Roma "Tor Vergata"', 'Via Orazio Raimondo, 8 - 00173 Roma', '+390672591'),
('Università degli Studi di Salerno', 'Via Ponte Don Melillo, 1 - 84084 Fisciano', '+39089961111'),
('Università degli Studi di Sassari', 'Piazza Università, 21 - 07100 Sassari', '+39079228211'),
('Università degli Studi di Siena', 'Via Banchi di Sotto, 55 - 53100 Siena', '+390577232111'),
('Università degli Studi di Teramo', 'Viale Crucioli, 120/122 - 64100 Teramo', '+3908612661'),
('Università degli Studi di Torino', 'Via Verdi, 8 - 10124 Torino', '+390116706111'),
('Università degli Studi di Trento', 'Via Belenzani, 12 - 38100 Trento', '+390461881111'),
('Università degli Studi di Trieste', 'Piazzale Europa, 1 - 34127 Trieste', '+390405587111'),
('Università degli Studi di Udine', 'Palazzo Florio - Via Palladio, 8 - 33100 Udine', '+390432556111'),
('Università degli Studi di Urbino Carlo Bo', 'Via Saffi, 1 - 61029 Urbino', '+3907223051'),
('Università degli Studi di Verona', 'Via dell''Artigliere, 8 - 37129 Verona', '+390458028111'),
('Università degli Studi Europea di Roma', 'Via Aldobrandeschi, 190 - 00163 Roma', '+3906665431'),
('Università degli Studi Mediterranea di Reggio Calabria', 'Via Zecca, 4 - 89125 Reggio Calabria', '+390965332202'),
('Università della Calabria', 'Via P. Bucci, snc - 87036 Arcavacata di Rende (Cosenza)', '+3909844911'),
('Università della Valle d''Aosta - Université de la Vallée D''Aoste', 'Strada Capuccini, 2A - 11100 Aosta', '+390165306711'),
('Università di Scienze Gastronomiche', 'Piazza Vittoio Emanuele, 9 - Frazione Pollenza - 12060 Bra (Cuneo)', '+390172458511'),
('Università Iuav di Venezia', 'Tolentini - Santa Croce, 191 - 30125 Venezia', '+390412571111'),
('Università per Stranieri di Perugia', 'Palazzo Gallenga - Piazza Fortebraccio, 4 - 06122 Perugia', '+3907557461'),
('Università per Stranieri di Siena', 'Via Pantaneto, 45 - 53100 Siena', '+390577240111'),
('Università Politecnica delle Marche', 'Piazza Roma, 22 - 60121 Ancona', '+390712201'),
('Università Vita-Salute San Raffaele', 'Palazzo Dibit - Via Olgettina, 58 - 20132 Milano', '+390226432794');

INSERT INTO `Utente` (`email`, `nome`, `cognome`, `password`, `dataDiNascita`, `corso`, `universita`) VALUES
('email10@email.com', 'Maria Grazia', 'Castiglione', '5e884898da28047151d0e56f8dc6292773603d0d6aabbdd62a11ef721d1542d17', '1986-03-21', NULL, NULL),
('email11@email.com', 'Ivo', 'Neri', '5e884898da28047151d0e56f8dc6292773603d0d6aabbdd62a11ef721d1542d18', '1989-02-18', 'Corso di laurea magistrale in ingegneria e scienze informatiche', 'Università degli Studi di Verona'),
('email12@email.com', 'Gabriele', 'Udinesi', '5e884898da28047151d0e56f8dc6292773603d0d6aabbdd62a11ef721d1542d19', '1992-12-08', 'Corso di laurea in lingue e culture del mediterraneo e del medio oriente', 'Università "Ca'' Foscari" di Venezia'),
('email13@email.com', 'Daniela', 'Napolitani', '5e884898da28047151d0e56f8dc6292773603d0d6aabbdd62a11ef721d1542d20', '1993-01-26', 'Corso di laurea in ingegneria dell''energia', 'Università degli Studi di Padova'),
('email14@email.com', 'Albina', 'Ferrari', '5e884898da28047151d0e56f8dc6292773603d0d6aabbdd62a11ef721d1542d21', '1990-04-03', 'Corso di laurea in chimica industriale', 'Università "Ca'' Foscari" di Venezia'),
('email15@email.com', 'Danilo', 'Panicucci', '5e884898da28047151d0e56f8dc6292773603d0d6aabbdd62a11ef721d1542d22', '1991-04-08', 'Corso di laurea in statistica e informatica per la gestione delle imprese (TREVISO)', 'Università "Ca'' Foscari" di Venezia'),
('email16@email.com', 'Mario', 'Rossi', '5e884898da28047151d0e56f8dc6292773603d0d6aabbdd62a11ef721d1542d23', '1992-04-17', 'Corso di laurea in conservazione e gestione dei beni e delle attività culturali', 'Università "Ca'' Foscari" di Venezia'),
('email17@email.com', 'Luigi', 'Verdi', '5e884898da28047151d0e56f8dc6292773603d0d6aabbdd62a11ef721d1542d24', '1990-02-03', 'Corso di laurea magistrale in scienze e tecniche del teatro', 'Università Iuav di Venezia'),
('email18@email.com', 'Simone', 'Capon', '5e884898da28047151d0e56f8dc6292773603d0d6aabbdd62a11ef721d1542d25', '1988-06-03', 'Corso di laurea magistrale in pianificazione e politiche per la città, il territorio e l''ambiente', 'Università Iuav di Venezia'),
('email19@email.com', 'Cristiano', 'Palermo', '5e884898da28047151d0e56f8dc6292773603d0d6aabbdd62a11ef721d1542d26', '1988-03-11', NULL, NULL),
('email1@email.com', 'Giuseppe', 'Napolitano', '5e884898da28047151d0e56f8dc6292773603d0d6aabbdd62a11ef721d1542d8', '1988-11-30', NULL, NULL),
('email20@email.com', 'Alessandra', 'Trevisan', '5e884898da28047151d0e56f8dc6292773603d0d6aabbdd62a11ef721d1542d27', '1996-08-18', 'Corso di laurea in architettura, costruzione e conservazione', 'Università Iuav di Venezia'),
('email21@email.com', 'Mario', 'Cremonesi', '5e884898da28047151d0e56f8dc6292773603d0d6aabbdd62a11ef721d1542d28', '1988-06-06', 'Corso di laurea in disegno industriale, comunicazione visiva e multimediale', 'Università Iuav di Venezia'),
('email22@email.com', 'Alberto', 'Ricci', '5e884898da28047151d0e56f8dc6292773603d0d6aabbdd62a11ef721d1542d29', '1995-04-21', 'Corso di laurea in scienze dell''educazione', 'Università degli Studi di Verona'),
('email2@email.com', 'Veronica', 'Onio', '5e884898da28047151d0e56f8dc6292773603d0d6aabbdd62a11ef721d1542d9', '1994-08-03', 'Corso di laurea in matematica applicata (Facoltà di Scienze Matematiche, Fisiche e Naturali e di Eco', 'Università degli Studi di Verona'),
('email3@email.com', 'Itala', 'Loggia', '5e884898da28047151d0e56f8dc6292773603d0d6aabbdd62a11ef721d1542d10', '1985-09-30', NULL, NULL),
('email4@email.com', 'Raffaello', 'Bergamaschi', '5e884898da28047151d0e56f8dc6292773603d0d6aabbdd62a11ef721d1542d11', '1995-10-04', 'Corso di laurea in informatica', 'Università degli Studi di Verona'),
('email5@email.com', 'Angelica', 'Padovano', '5e884898da28047151d0e56f8dc6292773603d0d6aabbdd62a11ef721d1542d12', '1987-04-08', NULL, NULL),
('email6@email.com', 'Marcello', 'Esposito', '5e884898da28047151d0e56f8dc6292773603d0d6aabbdd62a11ef721d1542d13', '1995-08-23', NULL, NULL),
('email7@email.com', 'Ilaria', 'Mazzanti', '5e884898da28047151d0e56f8dc6292773603d0d6aabbdd62a11ef721d1542d14', '1992-01-14', 'Corso di laurea in statistica e gestione delle imprese', 'Università degli Studi di Padova'),
('email8@email.com', 'Luigi', 'De Luca', '5e884898da28047151d0e56f8dc6292773603d0d6aabbdd62a11ef721d1542d15', '1995-09-28', 'Corso di laurea in lettere', 'Università degli Studi di Padova'),
('email9@email.com', 'Fabrizia', 'Giordano', '5e884898da28047151d0e56f8dc6292773603d0d6aabbdd62a11ef721d1542d16', '1989-10-12', NULL, NULL),
('marco@email.com', 'Marco', 'Zanella', '5e884898da28047151d0e56f8dc6292773603d0d6aabbdd62a11ef721d1542d8', '1994-07-05', 'Corso di laurea in informatica', 'Università degli Studi di Padova');

INSERT INTO `Vendita` (`testo`, `tmstmp`, `prezzo`, `utente`, `libro`) VALUES
('Vendo libro di basi di dati. Buono stato', '2015-07-03 07:09:14', '20.00', 'marco@email.com', 9788838668005),
('Vendo libro di algoritmi. Sottolineature con evidenziatore', '2015-04-03 14:15:14', '25.00', 'email11@email.com', 9788838665158),
('', '2015-05-10 22:00:00', '15.00', 'email2@email.com', 9788838665899),
('vendo libro', '2015-07-03 21:23:23', '22.00', 'email10@email.com', 9788838668005);

INSERT INTO `NonInEvidenza` (`testo`, `tmstmp`, `motivazione`, `utente`, `libro`, `prezzo`) VALUES
('Vendo libro di matematica discreta e probabilità.', '2013-12-04 00:00:00', '1', 'email1@email.com', '9780471438090', '135.50'),
('Vendo libro in buono stato.', '2013-09-06 00:00:00', '1', 'email2@email.com', '9788802051772', '85.50'),
('Vendo libro usato con sottolineature.', '2013-05-07 00:00:00', '1', 'email10@email.com', '9788802051772', '92.50'),
('Vendo libro di geometria.', '2013-08-06 00:00:00', '1', 'email14@email.com', '9788838665899', '14.00'),
('Vendo libro di calcolo con appunti a matita.', '2013-05-17 00:00:00', '1', 'email5@email.com', '9788887331499', '14.00'),
('Vendo libro di calcolo, esercizi.', '2013-05-17 00:00:00', '1', 'email5@email.com', '9788896477670', '12.00'),
('Vendo libro di programmazione ad oggetti molto usato.', '2013-05-17 00:00:00', '1', 'email5@email.com', '9788887331943', '9.50'),
('Vendo libro di matematica discreta e probabilità.', '2014-12-04 00:00:00', '1', 'email1@email.com', '9780471438090', '95.50');

/*!40101 SET CHARACTER_SET_CLIENT=@OLD_CHARACTER_SET_CLIENT */;
/*!40101 SET CHARACTER_SET_RESULTS=@OLD_CHARACTER_SET_RESULTS */;
/*!40101 SET COLLATION_CONNECTION=@OLD_COLLATION_CONNECTION */;
SET FOREIGN_KEY_CHECKS=1;
